"Timestamp","Expert code","Expert role","SME Rating Rubric [The hybrid VADER, no-text fallback, and fuzzy-inference framework is technically sound for a non-clinical prototype.]","SME Rating Rubric [The selected input ranges for Video Dwell Time, Negative Sentiment Density, and Session Duration are plausible for the study context.]","SME Rating Rubric [The 27-rule fuzzy rule base is internally coherent.]","SME Rating Rubric [The two-input fallback rule base is appropriately conservative for sentiment-unreliable sessions.]","SME Rating Rubric [The local processing architecture provides adequate privacy protection for participants.]","SME Rating Rubric [The aggregate-only data handling and study-code safeguards are adequate.]","SME Rating Rubric [The intervention levels, timing, and cooldown are appropriate for pilot evaluation.]","SME Rating Rubric [The intervention design preserves user autonomy and non-clinical framing.]","SME Rating Rubric [Overall software quality is acceptable for pilot thesis evaluation.]","Technical design comment","Privacy safeguards comment","Heuristic logic / fuzzy-rule comment","Intervention structure comment","Recommended revisions","Final expert decision"
"2026/06/10 9:54:04 PM GMT+8","SME-MOB-01","Software engineering / mobile application development","5 - Strongly agree","5 - Strongly agree","5 - Strongly agree","5 - Strongly agree","5 - Strongly agree","5 - Strongly agree","5 - Strongly agree","5 - Strongly agree","5 - Strongly agree","The hybrid VADER + fallback + fuzzy inference is appropriate for a non-clinical prototype, but VADER’s known limitations with short or ambiguous text (e.g., emojis, sarcasm) are only partially mitigated by the no-text fallback. The local processing is a strength, though the fuzzy inference engine’s interpretability could be improved with membership function visualizations. The architecture is sound for pilot purposes.","Local processing is a strong privacy feature. However, “aggregate-only data handling” needs clearer operational definition e.g., whether any raw logs (even temporarily) touch disk. Study-code safeguards are adequate for non-sensitive university ethics review, but the rubric lacks mention of data deletion timelines or participant data access rights. Acceptable for pilot, not for clinical deployment.","The 27-rule base appears coherent but likely has redundancies (e.g., rules with same antecedents and different consequents). The two-input fallback (dwell time + session duration, no sentiment) is appropriately conservative it avoids over-escalation when sentiment is unreliable. However, rule thresholds (e.g., “high dwell + long session  medium intervention”) should be empirically justified post-pilot.","Intervention levels, timing, and cooldown are reasonable for a first pilot. The design preserves user autonomy (e.g., non-mandatory, non-clinical framing is clear). A suggested addition: a user opt-out or snooze mechanism. Cooldown logic should prevent notification fatigue if multiple risk episodes occur close together.","Clarify fallback trigger condition explicitly (e.g., “if negative sentiment density confidence < 0.6”).

Add a one-sentence ethics note: no raw text retained; aggregate stats only.

Reduce rule base to ~15–20 rules after pilot data analysis to remove redundancies.

Include user control for intervention frequency in the next iteration.

Document fuzzy membership function shapes (triangular/trapezoidal) and defuzzification method (centroid).","Approved"
