study_code,date,platform,session_count,mean_duration_ms,mean_dwell_ms,mean_nsd_percent,mean_risk_score,reliable_session_count
P-01X,2026-05-10,FACEBOOK,3,2366607,4040,77.3199679007043,99.0,2
P-01X,2026-05-10,INSTAGRAM,1,2467438,5213,66.2869674385104,99.0,1
P-01X,2026-05-10,TIKTOK,2,2267181,3267,64.6506714043555,99.0,1
P-01X,2026-05-11,INSTAGRAM,1,4395876,6182,92.3405422617789,99.0,1
P-01X,2026-05-11,TIKTOK,3,2439631,3412,79.6614397625943,94.9633333333333,2
P-01X,2026-05-12,FACEBOOK,1,2174250,6724,74.5569382210817,99.0,1
P-01X,2026-05-12,INSTAGRAM,3,1557481,5333,73.6146244927308,93.2733333333333,2
P-01X,2026-05-12,TIKTOK,3,2487340,4750,76.4809639121463,99.0,2
P-01X,2026-05-13,INSTAGRAM,2,2840725,5042,94.5449088080067,96.125,1
P-01X,2026-05-13,TIKTOK,4,2337245,5004,77.5181940822648,97.54,4
P-01X,2026-05-14,FACEBOOK,1,2094781,3513,,96.9,0
P-01X,2026-05-14,INSTAGRAM,5,2228250,4911,76.1947805340661,95.576,4
P-01X,2026-05-14,TIKTOK,2,1781215,5534,71.305056440845,92.765,1
P-01X,2026-05-15,FACEBOOK,2,1620077,3888,74.9164756903023,95.495,1
P-01X,2026-05-15,INSTAGRAM,3,1997502,4077,68.8804360927996,99.0,3
P-01X,2026-05-15,TIKTOK,3,1848331,3077,96.1034206538143,95.01,1
P-01X,2026-05-16,FACEBOOK,1,1533152,5132,64.5551696199517,94.61,1
P-01X,2026-05-16,INSTAGRAM,2,2701213,4743,80.2608666952852,99.0,1
P-01X,2026-05-16,TIKTOK,1,1488970,2039,81.2384909001794,99.0,1
P-01X,2026-05-17,FACEBOOK,1,2266905,6187,89.1491896024604,99.0,1
P-01X,2026-05-17,INSTAGRAM,1,1144623,5215,69.3023341210465,90.51,1
P-01X,2026-05-17,TIKTOK,3,2955529,4588,78.3010523710203,99.0,3
P-01X,2026-05-18,FACEBOOK,1,2487674,5739,67.741316376844,99.0,1
P-01X,2026-05-18,INSTAGRAM,2,1352110,4102,88.190675353087,90.29,1
P-01X,2026-05-18,TIKTOK,3,1731644,4796,72.6381916848045,95.8566666666667,3
P-01X,2026-05-19,FACEBOOK,2,1879783,4924,74.896345252409,97.69,2
P-01X,2026-05-19,INSTAGRAM,1,3147924,3294,76.2457211366154,99.0,1
P-01X,2026-05-19,TIKTOK,2,2376109,3860,,93.555,0
P-01X,2026-05-20,FACEBOOK,2,1905866,4206,99.0966774170315,94.08,1
P-01X,2026-05-20,INSTAGRAM,4,2499265,3978,72.7643744470012,95.37,2
P-01X,2026-05-20,TIKTOK,1,4099515,6846,94.4224648416141,99.0,1
P-01X,2026-05-21,INSTAGRAM,1,2038031,5742,65.5110483163787,99.0,1
P-01X,2026-05-21,TIKTOK,3,2213767,4966,77.4084047525101,97.3566666666667,3
P-01X,2026-05-22,FACEBOOK,1,1434318,4708,82.8947379631451,99.0,1
P-01X,2026-05-22,INSTAGRAM,3,2392232,3970,80.8489262627535,98.6466666666667,3
P-01X,2026-05-22,TIKTOK,3,2402875,4364,70.3397850769299,99.0,3
P-01X,2026-05-23,INSTAGRAM,3,2367680,5546,78.8435132563412,96.9033333333333,2
P-01X,2026-05-23,TIKTOK,2,1629492,2608,94.5580044202834,99.0,2
P-02Y,2026-05-10,FACEBOOK,2,2232461,5939,92.630539160147,99.0,2
P-02Y,2026-05-10,INSTAGRAM,2,2494778,4091,67.751022142785,99.0,2
P-02Y,2026-05-10,TIKTOK,1,2030971,4462,,94.22,0
P-02Y,2026-05-11,FACEBOOK,2,1983300,4938,98.2796872748638,91.01,1
P-02Y,2026-05-11,INSTAGRAM,2,2792283,4183,74.9866142179231,99.0,2
P-02Y,2026-05-11,TIKTOK,3,1536787,3444,84.6382502930454,99.0,3
P-02Y,2026-05-12,FACEBOOK,2,2366950,5169,63.8410126658831,99.0,2
P-02Y,2026-05-12,INSTAGRAM,3,3156191,3919,72.2623832552675,99.0,3
P-02Y,2026-05-12,TIKTOK,1,1472341,2467,62.7801966837545,98.19,1
P-02Y,2026-05-13,INSTAGRAM,2,2232596,6215,77.1635011560884,98.57,2
P-02Y,2026-05-13,TIKTOK,6,2185331,3874,90.5020374868621,98.9783333333333,6
P-02Y,2026-05-14,FACEBOOK,1,2649702,5992,93.0156037635527,99.0,1
P-02Y,2026-05-14,INSTAGRAM,3,2536471,4724,73.9503694693606,99.0,3
P-02Y,2026-05-14,TIKTOK,4,2404944,3743,64.4790988196198,98.6525,3
P-02Y,2026-05-15,FACEBOOK,2,2106979,4277,76.5699363233092,90.47,1
P-02Y,2026-05-15,INSTAGRAM,3,2227462,5123,68.3606186208598,96.4433333333333,3
P-02Y,2026-05-15,TIKTOK,3,2664722,4068,74.8643587825283,97.12,3
P-02Y,2026-05-16,FACEBOOK,1,2487279,6490,,96.84,0
P-02Y,2026-05-16,INSTAGRAM,1,1487500,6334,,83.06,0
P-02Y,2026-05-16,TIKTOK,2,1783410,4761,81.6641981361233,97.235,1
P-02Y,2026-05-17,FACEBOOK,2,1718227,4592,77.81833557845,98.76,2
P-02Y,2026-05-17,INSTAGRAM,1,1480581,6487,85.7933313959798,98.13,1
P-02Y,2026-05-17,TIKTOK,2,1873146,3858,,91.245,0
P-02Y,2026-05-18,INSTAGRAM,3,1904596,5782,83.1989360574825,99.0,3
P-02Y,2026-05-18,TIKTOK,3,3014289,5146,76.9124483399634,94.0333333333333,2
P-02Y,2026-05-19,FACEBOOK,1,1363316,5001,,83.81,0
P-02Y,2026-05-19,INSTAGRAM,4,2269578,2799,81.9998550932586,99.0,3
P-02Y,2026-05-19,TIKTOK,1,3443002,5269,56.2171071027429,99.0,1
P-02Y,2026-05-20,FACEBOOK,1,2670750,2532,98.4157682963852,99.0,1
P-02Y,2026-05-20,INSTAGRAM,2,3841887,4871,73.7486000396286,99.0,2
P-02Y,2026-05-20,TIKTOK,2,1833840,2654,83.1130541075671,99.0,2
P-02Y,2026-05-21,INSTAGRAM,1,3284742,6438,68.1708484392795,99.0,1
P-02Y,2026-05-21,TIKTOK,3,2651366,3375,66.826421821884,98.7533333333333,3
P-02Y,2026-05-22,FACEBOOK,2,1929592,4081,56.5080629511994,92.13,1
P-02Y,2026-05-22,INSTAGRAM,2,3384308,2943,80.6483980086927,99.0,1
P-02Y,2026-05-22,TIKTOK,4,3269126,5809,71.2992549554166,99.0,3
P-02Y,2026-05-23,INSTAGRAM,3,2015410,6321,73.3311745383153,97.4133333333333,3
P-02Y,2026-05-23,TIKTOK,4,2072071,4999,58.1654174917727,94.785,2
P-03X,2026-05-10,FACEBOOK,1,1994267,3854,85.1693965314651,99.0,1
P-03X,2026-05-10,INSTAGRAM,3,2618102,4166,61.4447598684406,96.3233333333333,2
P-03X,2026-05-10,TIKTOK,1,4262978,4741,91.5308516992167,99.0,1
P-03X,2026-05-11,FACEBOOK,2,1591769,6194,70.5208385038352,95.35,2
P-03X,2026-05-11,INSTAGRAM,3,2386003,4132,60.4027937321713,98.65,2
P-03X,2026-05-12,FACEBOOK,1,3842140,3781,87.9914191463866,99.0,1
P-03X,2026-05-12,INSTAGRAM,1,1462260,3689,78.3047215049843,99.0,1
P-03X,2026-05-12,TIKTOK,2,3009811,4718,96.1998604032919,99.0,2
P-03X,2026-05-13,FACEBOOK,2,3213019,5006,95.7201553226761,99.0,1
P-03X,2026-05-13,INSTAGRAM,2,1664168,5478,63.0819980842314,91.245,1
P-03X,2026-05-13,TIKTOK,4,2473111,4389,80.7279759019638,98.635,4
P-03X,2026-05-14,INSTAGRAM,3,2226711,5029,79.2769433156433,95.8066666666667,3
P-03X,2026-05-14,TIKTOK,2,1443177,6375,79.078966020568,95.665,2
P-03X,2026-05-15,FACEBOOK,1,1694397,5631,72.3253656034107,98.43,1
P-03X,2026-05-15,INSTAGRAM,1,1717143,2043,,94.34,0
P-03X,2026-05-15,TIKTOK,2,1682957,5447,72.8805834988019,95.765,2
P-03X,2026-05-16,INSTAGRAM,4,2407332,4806,78.7097981931461,97.97,4
P-03X,2026-05-16,TIKTOK,4,2926999,4185,74.0899886753753,99.0,4
P-03X,2026-05-17,FACEBOOK,2,2506951,3177,82.3633630094859,99.0,2
P-03X,2026-05-17,INSTAGRAM,2,2857143,4570,89.9187836524588,99.0,2
P-03X,2026-05-17,TIKTOK,3,2647911,4084,85.3220181695027,99.0,3
P-03X,2026-05-18,INSTAGRAM,4,2585142,4897,68.9690281243334,95.215,2
P-03X,2026-05-18,TIKTOK,1,3833740,5892,,99.0,0
P-03X,2026-05-19,INSTAGRAM,2,2035858,3840,96.8101449099082,99.0,2
P-03X,2026-05-19,TIKTOK,4,2705372,4806,81.3024501341259,98.175,4
P-03X,2026-05-20,FACEBOOK,2,2336590,2411,85.8370547262569,99.0,2
P-03X,2026-05-20,INSTAGRAM,2,1845093,3989,60.6111564387836,96.36,2
P-03X,2026-05-20,TIKTOK,1,2340976,4176,77.5468926690832,99.0,1
P-03X,2026-05-21,TIKTOK,4,2129453,4259,80.2635463943799,96.86,4
P-03X,2026-05-22,FACEBOOK,3,2683645,5164,79.6716323470357,98.06,3
P-03X,2026-05-22,INSTAGRAM,2,1276166,1952,63.0613669347433,92.39,1
P-03X,2026-05-22,TIKTOK,1,1321771,2816,91.2582414650107,99.0,1
P-03X,2026-05-23,FACEBOOK,2,1750575,2741,98.1015568804985,99.0,2
P-03X,2026-05-23,INSTAGRAM,1,2375490,3872,66.3252761432912,99.0,1
P-03X,2026-05-23,TIKTOK,1,2592230,6517,,98.26,0
P-04Y,2026-05-10,FACEBOOK,1,2983277,4064,68.6456686718725,99.0,1
P-04Y,2026-05-10,INSTAGRAM,2,2062526,2418,91.8307277746369,96.84,1
P-04Y,2026-05-10,TIKTOK,5,2399284,3670,72.1238514641037,96.302,3
P-04Y,2026-05-11,INSTAGRAM,2,1678539,4949,81.730378612405,97.015,2
P-04Y,2026-05-11,TIKTOK,3,2236038,4305,86.9067299401653,99.0,3
P-04Y,2026-05-12,INSTAGRAM,2,2740351,5287,76.490380470568,99.0,2
P-04Y,2026-05-12,TIKTOK,4,2853179,5181,86.9802828139522,99.0,4
P-04Y,2026-05-13,FACEBOOK,2,2806767,2173,94.8536566342745,99.0,1
P-04Y,2026-05-13,INSTAGRAM,2,2321203,5863,66.7399476984231,91.4,1
P-04Y,2026-05-13,TIKTOK,4,1711080,4677,60.3526668632664,93.915,4
P-04Y,2026-05-14,FACEBOOK,1,2017852,3123,57.8834462839345,99.0,1
P-04Y,2026-05-14,INSTAGRAM,3,1792335,4690,76.939422553794,93.98,2
P-04Y,2026-05-14,TIKTOK,4,2107063,3702,89.8801302266963,99.0,4
P-04Y,2026-05-15,INSTAGRAM,3,1978891,5004,82.9164310122135,94.1533333333333,2
P-04Y,2026-05-15,TIKTOK,1,2872513,3378,80.8215098677229,99.0,1
P-04Y,2026-05-16,FACEBOOK,2,1443629,5155,81.0106926205945,91.18,1
P-04Y,2026-05-16,INSTAGRAM,2,1659166,3715,80.9130276435291,99.0,2
P-04Y,2026-05-16,TIKTOK,1,3549673,6502,79.2318476587035,99.0,1
P-04Y,2026-05-17,FACEBOOK,1,1236466,2594,73.5947275298969,98.09,1
P-04Y,2026-05-17,INSTAGRAM,3,1851504,5545,73.3291965450021,96.96,3
P-04Y,2026-05-17,TIKTOK,3,2445842,4033,76.7682629205597,99.0,3
P-04Y,2026-05-18,FACEBOOK,2,2388584,4149,89.270351844951,98.195,2
P-04Y,2026-05-18,INSTAGRAM,2,2729210,5053,77.2927258036699,99.0,2
P-04Y,2026-05-18,TIKTOK,4,2231748,2703,66.0432308125859,95.6475,2
P-04Y,2026-05-19,INSTAGRAM,4,2267146,3889,76.3283753224375,96.81,2
P-04Y,2026-05-19,TIKTOK,3,2517333,4635,73.2581111884339,99.0,1
P-04Y,2026-05-20,FACEBOOK,1,1298946,1847,75.3123039997292,99.0,1
P-04Y,2026-05-20,INSTAGRAM,4,2936791,3290,79.1267516596188,98.48,3
P-04Y,2026-05-20,TIKTOK,1,1328448,3108,70.0672295261524,97.29,1
P-04Y,2026-05-21,FACEBOOK,1,2298858,3061,,99.0,0
P-04Y,2026-05-21,INSTAGRAM,2,2840169,5830,97.7262348689693,99.0,2
P-04Y,2026-05-21,TIKTOK,5,2141432,3437,78.2765605784313,96.744,3
P-04Y,2026-05-22,FACEBOOK,2,1775933,5007,77.6938418697936,90.415,1
P-04Y,2026-05-22,INSTAGRAM,1,2097302,5802,82.4803897628436,99.0,1
P-04Y,2026-05-22,TIKTOK,4,2510153,4002,83.22792746432,99.0,3
P-04Y,2026-05-23,FACEBOOK,3,2463642,5169,91.6420201366624,99.0,3
P-04Y,2026-05-23,INSTAGRAM,1,2133640,5747,,93.25,0
P-04Y,2026-05-23,TIKTOK,2,2029395,6145,76.8200688359732,93.7,2
P-05X,2026-05-10,FACEBOOK,1,1944295,5144,59.6644209649354,98.81,1
P-05X,2026-05-10,INSTAGRAM,2,2558155,4591,77.6070610792632,99.0,2
P-05X,2026-05-10,TIKTOK,5,1778777,4137,71.0092298785242,94.554,4
P-05X,2026-05-11,FACEBOOK,4,1644482,3157,79.7527131624394,97.7325,4
P-05X,2026-05-11,INSTAGRAM,2,2027932,4417,67.9765383311459,97.065,2
P-05X,2026-05-11,TIKTOK,1,1773437,3297,89.0240901904267,99.0,1
P-05X,2026-05-12,FACEBOOK,2,2173265,3186,71.944195350907,99.0,2
P-05X,2026-05-12,INSTAGRAM,2,2450190,4767,62.797234977037,99.0,1
P-05X,2026-05-12,TIKTOK,2,1257502,6175,95.1801121761696,98.58,2
P-05X,2026-05-13,FACEBOOK,3,2153419,4881,73.1535388692172,98.9333333333333,3
P-05X,2026-05-13,INSTAGRAM,2,4026617,2960,69.353269055242,99.0,2
P-05X,2026-05-13,TIKTOK,3,1911271,4014,74.0916041823589,92.74,3
P-05X,2026-05-14,INSTAGRAM,3,2770070,4559,84.0324164566632,99.0,3
P-05X,2026-05-14,TIKTOK,2,1782723,2932,64.2221755616567,95.745,1
P-05X,2026-05-15,FACEBOOK,1,1625482,6707,59.2634798972615,91.27,1
P-05X,2026-05-15,INSTAGRAM,3,2546853,6053,74.6562464538703,97.5266666666667,2
P-05X,2026-05-16,FACEBOOK,1,1869274,4685,87.0662689044064,99.0,1
P-05X,2026-05-16,INSTAGRAM,4,1720830,5577,75.8276689916839,92.995,3
P-05X,2026-05-16,TIKTOK,3,2517647,5597,82.7923210970673,99.0,3
P-05X,2026-05-17,INSTAGRAM,4,2899147,3191,76.7049814010172,97.8925,3
P-05X,2026-05-17,TIKTOK,1,3584635,4224,,99.0,0
P-05X,2026-05-18,FACEBOOK,1,1901813,2095,,96.84,0
P-05X,2026-05-18,INSTAGRAM,3,1687589,4917,92.6680921372523,99.0,3
P-05X,2026-05-18,TIKTOK,1,1464482,3667,,87.74,0
P-05X,2026-05-19,FACEBOOK,2,1303182,3889,91.2150514728821,99.0,2
P-05X,2026-05-19,INSTAGRAM,2,2335051,2445,93.5126497251703,99.0,2
P-05X,2026-05-19,TIKTOK,1,1235545,4087,,83.73,0
P-05X,2026-05-20,FACEBOOK,1,3114601,4254,73.4005640241549,99.0,1
P-05X,2026-05-20,INSTAGRAM,2,2865448,6746,81.3816755311903,97.225,1
P-05X,2026-05-20,TIKTOK,1,2548288,3280,65.0050448990602,99.0,1
P-05X,2026-05-21,FACEBOOK,1,2700073,4650,93.6218675473775,99.0,1
P-05X,2026-05-21,INSTAGRAM,1,1487290,6241,58.1668022526462,89.84,1
P-05X,2026-05-21,TIKTOK,2,3028516,4730,91.3655894255357,99.0,2
P-05X,2026-05-22,FACEBOOK,2,2245896,3234,59.1606946456204,97.225,2
P-05X,2026-05-22,INSTAGRAM,3,2241089,3895,76.8071962261895,98.9,3
P-05X,2026-05-22,TIKTOK,3,3299847,4441,78.8988508184958,99.0,3
P-05X,2026-05-23,FACEBOOK,2,2095880,3793,68.9058966561286,99.0,2
P-05X,2026-05-23,INSTAGRAM,2,1893931,3356,61.9400026518362,95.57,2
P-05X,2026-05-23,TIKTOK,4,2355020,4722,78.7346953377349,98.2375,4
P-06Y,2026-05-10,INSTAGRAM,1,1427914,4628,90.4805678436848,99.0,1
P-06Y,2026-05-10,TIKTOK,7,3078713,3470,82.4592326779689,99.0,5
P-06Y,2026-05-11,FACEBOOK,1,2044677,6776,94.0997554790475,99.0,1
P-06Y,2026-05-11,INSTAGRAM,1,1661193,5922,87.1785899582332,99.0,1
P-06Y,2026-05-11,TIKTOK,2,3159185,6010,74.4053738078933,99.0,2
P-06Y,2026-05-12,INSTAGRAM,4,1466279,4251,72.4527106000232,90.4325,2
P-06Y,2026-05-13,FACEBOOK,1,1247342,2035,,87.74,0
P-06Y,2026-05-13,INSTAGRAM,2,2064662,4469,78.8814955414644,93.205,2
P-06Y,2026-05-13,TIKTOK,1,2676421,3194,86.2152916432896,99.0,1
P-06Y,2026-05-14,FACEBOOK,1,1377010,2853,66.7749413030816,97.4,1
P-06Y,2026-05-14,INSTAGRAM,5,1792058,5045,89.4383957227209,94.346,3
P-06Y,2026-05-14,TIKTOK,1,3004742,5370,,99.0,0
P-06Y,2026-05-15,FACEBOOK,1,1203338,2262,83.6811916882319,99.0,1
P-06Y,2026-05-15,INSTAGRAM,2,2776181,4405,66.3635952868036,99.0,2
P-06Y,2026-05-15,TIKTOK,1,1391524,6044,96.7215599385191,99.0,1
P-06Y,2026-05-16,FACEBOOK,1,1553457,2223,55.7486237595871,97.53,1
P-06Y,2026-05-16,INSTAGRAM,3,1666368,3127,83.6489703242005,96.6233333333333,3
P-06Y,2026-05-16,TIKTOK,2,2186071,6222,81.18181693966,94.225,2
P-06Y,2026-05-17,FACEBOOK,1,1219470,5287,62.4085220239104,89.22,1
P-06Y,2026-05-17,INSTAGRAM,2,1912141,5499,94.1138291017887,98.62,1
P-06Y,2026-05-17,TIKTOK,3,1579704,4736,81.7357691063352,95.7366666666667,2
P-06Y,2026-05-18,INSTAGRAM,2,2487181,6199,93.8672694821332,95.215,1
P-06Y,2026-05-18,TIKTOK,2,2407156,5337,78.1901316558138,99.0,1
P-06Y,2026-05-19,FACEBOOK,1,2515954,5743,,98.64,0
P-06Y,2026-05-19,INSTAGRAM,2,2079988,4351,72.8561481035609,96.815,2
P-06Y,2026-05-19,TIKTOK,1,1448484,2747,69.6081206082777,99.0,1
P-06Y,2026-05-20,FACEBOOK,1,2159037,5376,82.1676128651923,99.0,1
P-06Y,2026-05-20,INSTAGRAM,4,1816982,3441,67.4493542218436,97.51,4
P-06Y,2026-05-20,TIKTOK,1,3150845,3613,70.2669686698507,99.0,1
P-06Y,2026-05-21,FACEBOOK,1,1173940,5424,79.6201748565934,93.83,1
P-06Y,2026-05-21,INSTAGRAM,2,3606696,3320,88.937340002693,99.0,1
P-06Y,2026-05-21,TIKTOK,4,1881870,4746,74.6674203878321,96.415,2
P-06Y,2026-05-22,FACEBOOK,2,2356717,4460,86.6756979144658,99.0,1
P-06Y,2026-05-22,INSTAGRAM,1,1577179,6151,97.1004266912774,99.0,1
P-06Y,2026-05-22,TIKTOK,4,2820532,4287,80.4904372306971,99.0,4
P-06Y,2026-05-23,FACEBOOK,1,1945815,4734,,92.51,0
P-06Y,2026-05-23,INSTAGRAM,1,1888419,5828,69.6861404556829,99.0,1
P-06Y,2026-05-23,TIKTOK,4,1746363,4517,84.5774459839026,96.74,3
P-07X,2026-05-10,FACEBOOK,1,2501938,2463,90.4618561068116,99.0,1
P-07X,2026-05-10,INSTAGRAM,2,2506836,2668,68.5416931948606,99.0,2
P-07X,2026-05-10,TIKTOK,2,2386944,2535,78.7081997906939,99.0,2
P-07X,2026-05-11,FACEBOOK,1,1217669,6209,90.305299996487,96.39,1
P-07X,2026-05-11,INSTAGRAM,2,2244082,4577,66.6745245706111,93.945,1
P-07X,2026-05-11,TIKTOK,1,1287787,5983,89.896763817293,97.67,1
P-07X,2026-05-12,FACEBOOK,2,2528740,2063,79.9364403461236,99.0,2
P-07X,2026-05-12,INSTAGRAM,1,3866676,2372,74.826867102367,99.0,1
P-07X,2026-05-12,TIKTOK,3,2494489,4433,69.66647627993,98.5733333333333,2
P-07X,2026-05-13,FACEBOOK,2,2589354,4905,71.6790930700473,99.0,2
P-07X,2026-05-13,INSTAGRAM,2,2032212,5048,92.9830565788301,99.0,2
P-07X,2026-05-13,TIKTOK,4,2133160,3271,74.5928521220752,99.0,4
P-07X,2026-05-14,FACEBOOK,1,2525294,3804,98.2820482710254,99.0,1
P-07X,2026-05-14,INSTAGRAM,1,4191563,1905,92.9144002784265,99.0,1
P-07X,2026-05-14,TIKTOK,3,2283323,3588,86.4917697525909,97.7533333333333,2
P-07X,2026-05-15,FACEBOOK,1,2680262,5153,83.5338928618349,99.0,1
P-07X,2026-05-15,INSTAGRAM,2,2733324,5063,81.6127366093382,99.0,2
P-07X,2026-05-15,TIKTOK,2,2035901,6120,77.7515035786503,89.015,1
P-07X,2026-05-16,INSTAGRAM,3,1453270,3926,84.3446226216229,96.2933333333333,2
P-07X,2026-05-16,TIKTOK,2,1994928,4623,68.7513178262832,99.0,2
P-07X,2026-05-17,FACEBOOK,1,1394658,6056,67.4878874770847,91.87,1
P-07X,2026-05-17,INSTAGRAM,2,2696078,4943,81.4403396952614,99.0,2
P-07X,2026-05-17,TIKTOK,5,2420750,3986,81.1541395754766,98.734,4
P-07X,2026-05-18,FACEBOOK,2,1420312,3917,89.4769839633958,94.025,1
P-07X,2026-05-18,INSTAGRAM,3,1668052,2964,73.9231284629327,98.1366666666667,3
P-07X,2026-05-18,TIKTOK,1,2517652,3144,,99.0,0
P-07X,2026-05-19,FACEBOOK,1,2575833,3979,94.3153067849509,99.0,1
P-07X,2026-05-19,INSTAGRAM,1,1502723,6495,66.345926442781,92.2,1
P-07X,2026-05-19,TIKTOK,2,2356065,4433,72.5304308942077,88.48,1
P-07X,2026-05-20,FACEBOOK,1,3073589,3195,61.6193304838562,99.0,1
P-07X,2026-05-20,INSTAGRAM,1,1357382,6880,95.6501779870876,98.81,1
P-07X,2026-05-20,TIKTOK,4,2121042,4737,59.771903103054,96.9775,4
P-07X,2026-05-21,INSTAGRAM,4,2349621,4748,68.3780426562811,96.325,2
P-07X,2026-05-21,TIKTOK,2,3015123,2783,77.7875469306812,99.0,2
P-07X,2026-05-22,INSTAGRAM,1,2825652,2921,68.650609726991,99.0,1
P-07X,2026-05-22,TIKTOK,5,3103214,4958,87.6255233381764,99.0,4
P-07X,2026-05-23,FACEBOOK,1,2078649,6364,68.5123673503228,99.0,1
P-07X,2026-05-23,INSTAGRAM,3,2046547,3486,85.2949109933134,99.0,3
P-07X,2026-05-23,TIKTOK,1,2384451,5647,89.2643462789642,99.0,1
P-08Y,2026-05-10,FACEBOOK,2,2905033,3462,76.7518312916906,99.0,2
P-08Y,2026-05-10,INSTAGRAM,1,1655854,5054,65.6286388631752,96.83,1
P-08Y,2026-05-10,TIKTOK,3,2998623,3819,79.2607012328662,99.0,2
P-08Y,2026-05-11,FACEBOOK,3,1336807,5117,85.144884252571,90.8533333333333,2
P-08Y,2026-05-11,INSTAGRAM,1,1287253,3558,55.7483708423069,91.29,1
P-08Y,2026-05-11,TIKTOK,3,2328493,4053,95.7930476941187,99.0,3
P-08Y,2026-05-12,INSTAGRAM,4,2147146,3447,83.7603652117877,99.0,3
P-08Y,2026-05-12,TIKTOK,2,2472734,5649,79.434396519588,99.0,2
P-08Y,2026-05-13,INSTAGRAM,1,2890024,2057,83.0158307920047,99.0,1
P-08Y,2026-05-13,TIKTOK,4,2884596,5066,67.0304458007734,99.0,4
P-08Y,2026-05-14,INSTAGRAM,3,2850378,5560,75.0911227401782,94.9633333333333,3
P-08Y,2026-05-14,TIKTOK,2,1604261,2592,72.9569939190141,99.0,2
P-08Y,2026-05-15,FACEBOOK,1,3253248,4637,75.9400164305367,99.0,1
P-08Y,2026-05-15,INSTAGRAM,3,2658978,4250,71.8036543797645,99.0,2
P-08Y,2026-05-15,TIKTOK,4,2523060,5312,82.7276016143237,97.5675,4
P-08Y,2026-05-16,FACEBOOK,2,2309804,4665,73.0289539349393,97.685,2
P-08Y,2026-05-16,INSTAGRAM,3,1753497,4663,76.9925526086063,96.3033333333333,3
P-08Y,2026-05-16,TIKTOK,1,2125506,2450,65.6056106695331,99.0,1
P-08Y,2026-05-17,FACEBOOK,4,2020269,2519,70.3324512234558,96.17,3
P-08Y,2026-05-17,INSTAGRAM,3,1905768,3994,71.0996281434289,96.29,3
P-08Y,2026-05-17,TIKTOK,1,3149093,4847,,99.0,0
P-08Y,2026-05-18,FACEBOOK,1,1708342,4253,76.714720740013,99.0,1
P-08Y,2026-05-18,INSTAGRAM,2,1801971,3993,79.6871899401284,97.48,1
P-08Y,2026-05-18,TIKTOK,5,1776823,4634,64.8641143853732,93.866,4
P-08Y,2026-05-19,INSTAGRAM,4,2825055,3393,75.9909291281408,96.645,4
P-08Y,2026-05-19,TIKTOK,2,2053739,3928,82.5177504547311,99.0,2
P-08Y,2026-05-20,FACEBOOK,1,3410454,3372,,99.0,0
P-08Y,2026-05-20,INSTAGRAM,3,2785102,3865,85.2408276064332,99.0,2
P-08Y,2026-05-20,TIKTOK,1,2175542,3782,95.313918978532,99.0,1
P-08Y,2026-05-21,FACEBOOK,2,2195580,2425,82.7965773698351,99.0,2
P-08Y,2026-05-21,INSTAGRAM,1,3481669,3421,58.7585596067777,99.0,1
P-08Y,2026-05-21,TIKTOK,3,1621913,6092,85.1990550203785,92.92,2
P-08Y,2026-05-22,INSTAGRAM,2,2573951,5684,77.7228718164675,99.0,2
P-08Y,2026-05-22,TIKTOK,4,2546716,4897,91.4508305806343,96.33,2
P-08Y,2026-05-23,FACEBOOK,1,2531338,1940,74.9426521513309,99.0,1
P-08Y,2026-05-23,INSTAGRAM,4,2329916,4618,90.1507380295728,97.9375,3
P-08Y,2026-05-23,TIKTOK,1,1328981,3603,55.1046270809283,91.58,1
P-09X,2026-05-10,FACEBOOK,1,1089669,2504,50.0406669317867,80.65,1
P-09X,2026-05-10,INSTAGRAM,1,913680,2664,77.3220677650678,86.61,1
P-09X,2026-05-10,TIKTOK,1,1767423,4352,45.3804809089367,85.24,1
P-09X,2026-05-11,INSTAGRAM,2,1808079,6178,67.7795708106102,89.33,2
P-09X,2026-05-11,TIKTOK,3,1562035,4667,69.0855271762599,85.97,2
P-09X,2026-05-12,INSTAGRAM,3,1050631,5593,85.2206632207586,80.48,2
P-09X,2026-05-13,FACEBOOK,1,744757,7957,58.716639572448,68.35,1
P-09X,2026-05-13,INSTAGRAM,1,2372056,5251,,89.54,0
P-09X,2026-05-13,TIKTOK,3,1286640,6367,56.9837294996365,76.3266666666667,2
P-09X,2026-05-14,INSTAGRAM,2,988441,5421,,69.75,0
P-09X,2026-05-14,TIKTOK,2,1771148,7417,55.2002343529197,79.855,1
P-09X,2026-05-15,FACEBOOK,3,1972434,7221,63.9180642825279,88.6733333333333,3
P-09X,2026-05-15,INSTAGRAM,2,1707536,6182,59.6587371416095,81.985,1
P-09X,2026-05-15,TIKTOK,1,2124857,3722,,88.93,0
P-09X,2026-05-16,FACEBOOK,1,1609761,6391,74.8907756978127,88.64,1
P-09X,2026-05-16,INSTAGRAM,3,1256768,6207,49.1458235519682,73.29,1
P-09X,2026-05-16,TIKTOK,2,1431126,4528,79.457602829063,91.075,2
P-09X,2026-05-17,INSTAGRAM,3,1456245,5727,67.7025941751844,82.1966666666667,2
P-09X,2026-05-17,TIKTOK,2,925472,7822,59.5314434974467,71.41,2
P-09X,2026-05-18,FACEBOOK,2,2254469,3849,81.4812383307884,98.76,2
P-09X,2026-05-18,INSTAGRAM,1,1502558,8984,,70.3,0
P-09X,2026-05-18,TIKTOK,2,1437107,6122,74.9137650893229,86.72,2
P-09X,2026-05-19,INSTAGRAM,2,1584374,7139,56.6652121960649,81.045,2
P-09X,2026-05-19,TIKTOK,3,1294647,4922,65.8037644124313,84.0466666666667,3
P-09X,2026-05-20,INSTAGRAM,3,1205456,5655,81.6184683995362,85.7666666666667,3
P-09X,2026-05-20,TIKTOK,1,1046833,5984,,69.51,0
P-09X,2026-05-21,FACEBOOK,1,857949,6322,,66.22,0
P-09X,2026-05-21,INSTAGRAM,2,1256895,3424,74.069026773241,83.125,1
P-09X,2026-05-21,TIKTOK,2,1285747,4423,59.031443022539,82.69,2
P-09X,2026-05-22,INSTAGRAM,2,1417402,5639,77.8011616353021,88.27,2
P-09X,2026-05-22,TIKTOK,3,1400961,5810,63.1443735461453,83.03,3
P-09X,2026-05-23,INSTAGRAM,1,1423069,2525,58.3950607394464,87.98,1
P-09X,2026-05-23,TIKTOK,2,2020881,4907,58.3712526462356,91.92,2
P-10Y,2026-05-10,INSTAGRAM,1,1434086,5591,,75.7,0
P-10Y,2026-05-10,TIKTOK,2,1561865,4915,50.7987080693652,83.02,2
P-10Y,2026-05-11,INSTAGRAM,2,2443273,2615,66.6298669561319,98.87,1
P-10Y,2026-05-11,TIKTOK,1,982055,7397,53.0069874574199,70.91,1
P-10Y,2026-05-12,INSTAGRAM,1,1518927,4510,88.4936349484239,95.24,1
P-10Y,2026-05-12,TIKTOK,3,1701874,4515,62.4107188659769,89.46,3
P-10Y,2026-05-13,INSTAGRAM,3,2200491,4042,67.0409533773101,92.6933333333333,2
P-10Y,2026-05-13,TIKTOK,2,1900414,5883,66.0372853137935,90.845,2
P-10Y,2026-05-14,FACEBOOK,1,1956833,2783,63.8365968556692,96.75,1
P-10Y,2026-05-14,INSTAGRAM,1,1535533,4190,88.6258189445352,96.12,1
P-10Y,2026-05-14,TIKTOK,1,860777,7492,83.1671647364993,78.68,1
P-10Y,2026-05-15,TIKTOK,3,1270642,5200,63.07385951885,79.59,2
P-10Y,2026-05-16,FACEBOOK,1,884346,3980,74.297626227492,82.76,1
P-10Y,2026-05-16,INSTAGRAM,3,1468352,5999,67.3925494475596,84.9833333333333,3
P-10Y,2026-05-16,TIKTOK,1,842908,3210,82.6462762553097,86.29,1
P-10Y,2026-05-17,INSTAGRAM,2,1596198,5337,63.9771627648768,82.695,1
P-10Y,2026-05-17,TIKTOK,2,1351117,3576,65.1498679755092,87.16,2
P-10Y,2026-05-18,FACEBOOK,2,1055655,4007,64.366938108474,81.94,2
P-10Y,2026-05-18,INSTAGRAM,3,1427538,4053,62.8977462555464,83.91,2
P-10Y,2026-05-19,INSTAGRAM,2,1646066,4615,78.8497857737761,91.41,2
P-10Y,2026-05-19,TIKTOK,2,1227712,4365,71.7977801023135,80.58,1
P-10Y,2026-05-20,FACEBOOK,1,948096,4751,64.1962848500398,78.98,1
P-10Y,2026-05-20,TIKTOK,5,1103301,6671,74.1475913977612,73.708,2
P-10Y,2026-05-21,INSTAGRAM,1,1097234,8806,78.9002446624891,78.18,1
P-10Y,2026-05-21,TIKTOK,3,1613966,5011,75.4557539078151,90.0366666666667,3
P-10Y,2026-05-22,FACEBOOK,1,1122691,6224,54.0674037141628,75.43,1
P-10Y,2026-05-22,INSTAGRAM,3,1346662,5757,73.4502907937597,81.8266666666667,2
P-10Y,2026-05-22,TIKTOK,2,1163423,5455,65.3287847929568,81.05,2
P-10Y,2026-05-23,TIKTOK,4,1101555,6867,58.2702561476519,71.95,2
P-11X,2026-05-10,FACEBOOK,2,1635590,4696,73.1428923116194,85.92,1
P-11X,2026-05-10,INSTAGRAM,2,1932387,6212,64.5819260302434,87.895,2
P-11X,2026-05-10,TIKTOK,2,2417509,5256,,90.17,0
P-11X,2026-05-11,INSTAGRAM,2,1410884,3534,72.0337098003958,90.28,2
P-11X,2026-05-11,TIKTOK,3,1774855,4541,62.5980874213375,87.8166666666667,2
P-11X,2026-05-12,INSTAGRAM,1,1581240,5355,65.6420047281496,87.22,1
P-11X,2026-05-12,TIKTOK,2,1138923,5726,45.3085055690175,72.545,1
P-11X,2026-05-13,FACEBOOK,1,1356029,2818,75.6953886961501,92.02,1
P-11X,2026-05-13,INSTAGRAM,3,1837572,5178,67.3370942924258,85.3366666666667,1
P-11X,2026-05-13,TIKTOK,1,1311390,8733,84.8490280574549,83.23,1
P-11X,2026-05-14,FACEBOOK,3,1408879,5274,77.5569846060064,84.4866666666667,2
P-11X,2026-05-14,INSTAGRAM,1,957038,7452,88.9771300928403,81.97,1
P-11X,2026-05-14,TIKTOK,2,985881,4474,,71.485,0
P-11X,2026-05-15,FACEBOOK,2,1034971,3068,62.5934699106646,82.845,2
P-11X,2026-05-15,INSTAGRAM,2,974913,5452,51.8794670617925,74.1,2
P-11X,2026-05-15,TIKTOK,1,988061,4589,90.0311410390353,88.11,1
P-11X,2026-05-16,INSTAGRAM,4,1353334,3639,68.2061667514808,85.5925,3
P-11X,2026-05-17,INSTAGRAM,2,1526728,5415,81.8256019348702,84.43,1
P-11X,2026-05-17,TIKTOK,4,1287923,5846,71.5674493896255,81.3425,3
P-11X,2026-05-18,FACEBOOK,1,1708287,2666,61.2610668182632,92.65,1
P-11X,2026-05-18,INSTAGRAM,4,1402834,7163,69.3545724209906,82.505,4
P-11X,2026-05-18,TIKTOK,1,1142267,5070,70.1374157608969,83.01,1
P-11X,2026-05-19,FACEBOOK,2,1507639,5732,64.8166827087276,84.205,2
P-11X,2026-05-19,INSTAGRAM,2,892898,4792,71.6058110017048,80.495,2
P-11X,2026-05-20,FACEBOOK,1,2407543,3000,86.7239208379177,99.0,1
P-11X,2026-05-20,INSTAGRAM,2,1673200,6982,75.0107247994392,82.46,1
P-11X,2026-05-20,TIKTOK,2,1840225,6498,72.2364591266733,90.83,2
P-11X,2026-05-21,INSTAGRAM,4,1245511,6275,72.1726700846677,80.085,3
P-11X,2026-05-21,TIKTOK,2,1641598,2845,61.6444735195652,91.2,2
P-11X,2026-05-22,INSTAGRAM,2,1765336,5088,63.3390709759144,89.575,2
P-11X,2026-05-22,TIKTOK,1,1196921,7651,68.0261962746729,78.27,1
P-11X,2026-05-23,FACEBOOK,1,1075221,5038,88.9371888118609,88.15,1
P-11X,2026-05-23,TIKTOK,3,1744479,4467,61.2730713220109,89.7833333333333,3
P-12Y,2026-05-10,FACEBOOK,1,1095985,5713,69.7360887218966,81.03,1
P-12Y,2026-05-10,INSTAGRAM,3,1396386,6723,75.5439976822871,81.1633333333333,2
P-12Y,2026-05-10,TIKTOK,2,1406972,6305,80.4807560015018,87.735,2
P-12Y,2026-05-11,FACEBOOK,2,1344863,6225,68.7547276188484,83.255,2
P-12Y,2026-05-11,INSTAGRAM,2,1037689,6526,48.8849153205121,70.185,1
P-12Y,2026-05-11,TIKTOK,1,1408690,5449,,75.61,0
P-12Y,2026-05-12,FACEBOOK,1,788615,5260,57.8444829547602,73.75,1
P-12Y,2026-05-12,INSTAGRAM,3,1494885,5358,,76.9933333333333,0
P-12Y,2026-05-13,FACEBOOK,1,982436,2854,,74.48,0
P-12Y,2026-05-13,INSTAGRAM,3,1794261,6620,74.7257929130206,86.5366666666667,3
P-12Y,2026-05-13,TIKTOK,1,742503,7201,,62.95,0
P-12Y,2026-05-14,FACEBOOK,2,1563505,4324,60.7994201498318,83.625,1
P-12Y,2026-05-14,TIKTOK,1,2159187,6992,58.9501796855671,90.14,1
P-12Y,2026-05-15,INSTAGRAM,2,1404294,8158,63.1462408407174,78.675,2
P-12Y,2026-05-15,TIKTOK,3,1642453,5215,57.9858240097009,83.7066666666667,2
P-12Y,2026-05-16,INSTAGRAM,3,1451412,5515,74.5489371595719,86.18,3
P-12Y,2026-05-16,TIKTOK,3,834437,7942,71.9993111951874,73.8933333333333,3
P-12Y,2026-05-17,FACEBOOK,1,1948269,5357,63.7067437023827,91.76,1
P-12Y,2026-05-17,INSTAGRAM,1,1745045,4425,,82.26,0
P-12Y,2026-05-17,TIKTOK,3,910406,6769,76.4565610166584,78.5866666666667,3
P-12Y,2026-05-18,FACEBOOK,1,1823413,6859,,78.8,0
P-12Y,2026-05-18,INSTAGRAM,4,1494671,5402,68.5292634827457,84.355,3
P-12Y,2026-05-18,TIKTOK,1,1940609,3882,51.0807273270072,90.38,1
P-12Y,2026-05-19,FACEBOOK,2,1261044,5232,62.5630985299114,77.95,1
P-12Y,2026-05-19,INSTAGRAM,1,879752,5915,,67.29,0
P-12Y,2026-05-19,TIKTOK,3,1414369,3938,84.311853700721,79.9566666666667,1
P-12Y,2026-05-20,FACEBOOK,1,1068548,5785,76.3575923420661,82.63,1
P-12Y,2026-05-20,INSTAGRAM,2,2295159,5972,67.7366090635574,95.215,2
P-12Y,2026-05-20,TIKTOK,1,1607275,5719,,77.9,0
P-12Y,2026-05-21,FACEBOOK,1,2299583,5294,91.7814981558124,99.0,1
P-12Y,2026-05-21,TIKTOK,2,2599448,6113,75.0433883639418,99.0,2
P-12Y,2026-05-22,INSTAGRAM,1,840257,3940,46.1460606447221,73.21,1
P-12Y,2026-05-22,TIKTOK,2,1142930,5854,69.2222791621089,76.185,1
P-12Y,2026-05-23,INSTAGRAM,2,1443798,7188,45.9041476218511,74.185,1
P-12Y,2026-05-23,TIKTOK,1,1079474,5541,76.7954408275967,83.38,1
P-13X,2026-05-10,FACEBOOK,2,1230819,3898,49.0044198030048,77.85,1
P-13X,2026-05-10,INSTAGRAM,4,1917735,6154,58.7058958869694,84.845,2
P-13X,2026-05-11,INSTAGRAM,3,1885473,7371,63.5126025071949,81.49,1
P-13X,2026-05-11,TIKTOK,1,961315,5119,51.200439080765,74.32,1
P-13X,2026-05-12,FACEBOOK,2,2248407,5955,91.5086654382244,89.12,1
P-13X,2026-05-12,INSTAGRAM,2,1937064,4615,,84.61,0
P-13X,2026-05-13,FACEBOOK,2,1567826,8491,73.6389257454937,83.705,2
P-13X,2026-05-13,INSTAGRAM,1,1634675,4077,61.6545563958021,89.09,1
P-13X,2026-05-13,TIKTOK,3,1822328,6811,67.7047475784495,82.0966666666667,1
P-13X,2026-05-14,FACEBOOK,2,972136,5593,65.3926728045693,78.125,2
P-13X,2026-05-14,TIKTOK,3,1250692,3673,68.4938049405046,86.6333333333333,3
P-13X,2026-05-15,FACEBOOK,1,1416886,5167,75.5336326791327,88.42,1
P-13X,2026-05-15,INSTAGRAM,1,2005047,3203,,88.21,0
P-13X,2026-05-15,TIKTOK,1,919223,6503,,66.74,0
P-13X,2026-05-16,FACEBOOK,2,865612,7308,58.9072303028673,67.905,1
P-13X,2026-05-16,TIKTOK,2,1391791,8114,74.4897821968372,82.215,2
P-13X,2026-05-17,INSTAGRAM,2,2541796,3118,73.2653429896543,99.0,2
P-13X,2026-05-17,TIKTOK,1,1187255,3490,62.5885737831453,84.19,1
P-13X,2026-05-18,INSTAGRAM,2,1452595,3828,57.5411476250723,82.47,1
P-13X,2026-05-18,TIKTOK,1,1526441,8491,86.4909807409959,87.24,1
P-13X,2026-05-19,INSTAGRAM,1,1891737,8307,,77.05,0
P-13X,2026-05-19,TIKTOK,2,2012909,8065,55.1419883242236,83.485,2
P-13X,2026-05-20,TIKTOK,4,2047397,6672,73.8581116174582,87.6875,2
P-13X,2026-05-21,INSTAGRAM,3,1540580,7097,70.9052364093419,81.5033333333333,2
P-13X,2026-05-21,TIKTOK,2,1163604,7760,65.8329906755555,76.89,2
P-13X,2026-05-22,TIKTOK,4,1159612,6139,82.7488962455015,78.05,2
P-13X,2026-05-23,INSTAGRAM,1,841364,8236,78.6778858582209,75.58,1
P-13X,2026-05-23,TIKTOK,2,1216317,8636,46.4911006628276,68.365,1
P-14Y,2026-05-10,INSTAGRAM,2,1176160,6416,84.9733576007821,78.12,1
P-14Y,2026-05-10,TIKTOK,2,1507351,5250,74.4614147110696,89.2,2
P-14Y,2026-05-11,FACEBOOK,1,897457,3352,88.4512132526625,88.65,1
P-14Y,2026-05-11,INSTAGRAM,1,1238556,3868,89.4067450422215,92.79,1
P-14Y,2026-05-11,TIKTOK,3,1957504,6044,74.7545716967121,91.0333333333333,3
P-14Y,2026-05-12,FACEBOOK,1,1421383,7153,,72.59,0
P-14Y,2026-05-12,INSTAGRAM,2,1335270,6045,80.4951268499198,87.215,2
P-14Y,2026-05-12,TIKTOK,1,1512001,3614,,80.5,0
P-14Y,2026-05-13,FACEBOOK,1,2587899,4754,86.2177148653094,99.0,1
P-14Y,2026-05-13,INSTAGRAM,3,1451984,7013,61.5247153407456,79.46,3
P-14Y,2026-05-13,TIKTOK,2,937761,5589,80.1094542807796,75.535,1
P-14Y,2026-05-14,INSTAGRAM,1,2508525,7005,52.8779610255013,93.09,1
P-14Y,2026-05-14,TIKTOK,4,1717687,6791,75.7094063196232,86.025,4
P-14Y,2026-05-15,FACEBOOK,2,2584333,6652,67.4820675124808,98.29,2
P-14Y,2026-05-15,INSTAGRAM,1,865136,8832,,61.62,0
P-14Y,2026-05-15,TIKTOK,2,1382183,3685,60.0567922328388,82.155,1
P-14Y,2026-05-16,FACEBOOK,1,921989,7886,74.2161569425773,75.94,1
P-14Y,2026-05-16,INSTAGRAM,2,1020649,3867,52.1936075870436,77.815,2
P-14Y,2026-05-16,TIKTOK,2,1380198,4340,59.3645616308886,80.785,1
P-14Y,2026-05-17,FACEBOOK,1,1874152,8358,87.4314628597369,92.68,1
P-14Y,2026-05-17,TIKTOK,3,1410185,5397,73.9829183675788,87.4,3
P-14Y,2026-05-18,INSTAGRAM,4,1647867,5679,76.9196996361216,90.1575,4
P-14Y,2026-05-18,TIKTOK,2,1024318,5890,,69.37,0
P-14Y,2026-05-19,INSTAGRAM,1,1404720,8067,,70.64,0
P-14Y,2026-05-19,TIKTOK,3,1431298,5300,53.3353162501789,79.5833333333333,2
P-14Y,2026-05-20,FACEBOOK,1,1268144,2574,68.2918936357799,88.88,1
P-14Y,2026-05-20,INSTAGRAM,2,1386071,5838,65.8525709874291,83.635,2
P-14Y,2026-05-20,TIKTOK,1,1739865,3433,48.2846603065046,87.5,1
P-14Y,2026-05-21,INSTAGRAM,3,1458490,6478,71.910949830545,81.72,2
P-14Y,2026-05-21,TIKTOK,3,1616680,5329,64.5975145657047,81.65,1
P-14Y,2026-05-22,INSTAGRAM,3,1330165,5696,56.7171072174654,80.1933333333333,3
P-14Y,2026-05-23,FACEBOOK,1,1511197,2818,83.8722093464675,96.82,1
P-14Y,2026-05-23,INSTAGRAM,1,1372201,5570,69.3210809554153,85.05,1
P-14Y,2026-05-23,TIKTOK,4,1312328,5181,68.9437730572691,84.5525,4
P-15X,2026-05-10,FACEBOOK,1,875930,6963,52.07887450009,69.94,1
P-15X,2026-05-10,INSTAGRAM,2,1424275,6538,68.52564992529,78.75,1
P-15X,2026-05-10,TIKTOK,1,2470742,8333,87.8410713635492,99.0,1
P-15X,2026-05-11,INSTAGRAM,2,2253306,6923,61.2978616731576,88.54,1
P-15X,2026-05-11,TIKTOK,2,1781180,5710,60.9298643970805,84.11,1
P-15X,2026-05-12,FACEBOOK,2,2005714,4288,68.7502188612686,92.975,2
P-15X,2026-05-12,INSTAGRAM,2,1745726,8628,61.5816146263472,82.095,2
P-15X,2026-05-12,TIKTOK,2,1189130,6776,59.456556565696,77.06,2
P-15X,2026-05-13,FACEBOOK,1,785404,7398,,63.18,0
P-15X,2026-05-13,INSTAGRAM,3,1365088,7068,71.59282024508,79.2333333333333,2
P-15X,2026-05-13,TIKTOK,1,2070468,7106,71.4644405949916,92.68,1
P-15X,2026-05-14,FACEBOOK,2,1463985,8111,83.2422833462269,86.035,2
P-15X,2026-05-14,INSTAGRAM,1,2489853,6935,80.1467415800008,99.0,1
P-15X,2026-05-15,INSTAGRAM,1,2728767,8740,,87.61,0
P-15X,2026-05-15,TIKTOK,2,1460594,7338,71.5622928760552,83.695,2
P-15X,2026-05-16,FACEBOOK,2,1319085,6764,61.9917359156418,75.8,1
P-15X,2026-05-16,INSTAGRAM,2,1280933,5484,61.39823433413,81.395,2
P-15X,2026-05-16,TIKTOK,2,1525411,8582,81.5987201180571,78.435,1
P-15X,2026-05-17,FACEBOOK,3,1495767,6365,73.2107317522377,80.6633333333333,2
P-15X,2026-05-17,INSTAGRAM,1,1622451,3342,63.5947896382938,90.92,1
P-15X,2026-05-17,TIKTOK,1,1553503,4879,52.677701783106,83.57,1
P-15X,2026-05-18,FACEBOOK,1,848707,8881,74.7120909721211,73.2,1
P-15X,2026-05-18,TIKTOK,2,1999334,5749,60.7576795650827,90.8,2
P-15X,2026-05-19,FACEBOOK,2,1370338,5585,51.2227064506404,79.205,2
P-15X,2026-05-19,INSTAGRAM,1,1325849,4951,67.317644869374,84.92,1
P-15X,2026-05-19,TIKTOK,2,1594873,4655,57.3198196413126,86.06,2
P-15X,2026-05-20,FACEBOOK,1,2448125,6419,47.2979829462132,91.55,1
P-15X,2026-05-20,INSTAGRAM,1,1610919,3591,69.0475608609359,92.03,1
P-15X,2026-05-20,TIKTOK,4,1452160,5697,57.1120508031148,80.4625,3
P-15X,2026-05-21,FACEBOOK,1,1552325,3167,49.9305672556258,85.89,1
P-15X,2026-05-21,INSTAGRAM,1,1445627,2718,49.5583206408375,85.11,1
P-15X,2026-05-21,TIKTOK,2,1673344,6773,56.605959113624,79.905,1
P-15X,2026-05-22,FACEBOOK,1,2432760,7785,86.1672775307907,99.0,1
P-15X,2026-05-22,INSTAGRAM,4,1470563,5752,74.4715030998204,87.7425,4
P-15X,2026-05-22,TIKTOK,1,2684432,3846,55.7595899645464,99.0,1
P-15X,2026-05-23,INSTAGRAM,1,1398942,5716,,74.97,0
P-15X,2026-05-23,TIKTOK,3,1209306,5351,69.7796522041267,79.8733333333333,2
P-16Y,2026-05-10,FACEBOOK,1,2362358,3744,73.3011332024367,99.0,1
P-16Y,2026-05-10,TIKTOK,3,1535232,4614,79.4728452362135,92.3833333333333,3
P-16Y,2026-05-11,INSTAGRAM,1,2100501,7455,51.5491427675251,86.08,1
P-16Y,2026-05-11,TIKTOK,3,1228483,4806,59.2988449619121,76.6033333333333,1
P-16Y,2026-05-12,FACEBOOK,3,1774819,5563,71.7499110159334,87.8533333333333,2
P-16Y,2026-05-12,TIKTOK,1,1253686,8379,,67.93,0
P-16Y,2026-05-13,FACEBOOK,2,1574950,7049,79.5170392315347,81.67,1
P-16Y,2026-05-13,INSTAGRAM,1,2826186,5175,46.6216289744745,97.22,1
P-16Y,2026-05-13,TIKTOK,3,1492643,5641,51.1731408007636,79.3466666666667,2
P-16Y,2026-05-14,INSTAGRAM,3,1676216,5908,52.8967316152068,80.1566666666667,1
P-16Y,2026-05-14,TIKTOK,3,1305850,6396,70.4630814426794,82.9333333333333,3
P-16Y,2026-05-15,FACEBOOK,2,1557235,5763,74.018734034962,88.795,2
P-16Y,2026-05-15,INSTAGRAM,2,1340574,6059,60.6855164187097,80.925,2
P-16Y,2026-05-15,TIKTOK,1,1832847,5263,52.2524775836086,86.65,1
P-16Y,2026-05-16,INSTAGRAM,2,1101197,3049,71.8919450335309,81.285,1
P-16Y,2026-05-16,TIKTOK,2,1303415,7582,62.0945080696928,74.065,1
P-16Y,2026-05-17,FACEBOOK,1,1843580,2751,,86.79,0
P-16Y,2026-05-17,INSTAGRAM,2,1359707,6794,57.1496579949025,75.545,1
P-16Y,2026-05-17,TIKTOK,2,1546790,5279,86.2957790574604,93.49,2
P-16Y,2026-05-18,FACEBOOK,2,2072393,6054,61.1676348712785,91.39,2
P-16Y,2026-05-18,TIKTOK,3,1480983,6466,51.6941525962984,76.2333333333333,1
P-16Y,2026-05-19,FACEBOOK,3,1662134,6578,52.0058154792839,80.1533333333333,2
P-16Y,2026-05-19,INSTAGRAM,1,1027768,5286,,70.55,0
P-16Y,2026-05-19,TIKTOK,2,1490065,5770,72.6512495656567,87.4,2
P-16Y,2026-05-20,INSTAGRAM,2,1675402,7483,86.5757684173395,91.255,2
P-16Y,2026-05-20,TIKTOK,2,1119915,4724,,72.905,0
P-16Y,2026-05-21,INSTAGRAM,1,830554,2789,64.2859807728706,81.03,1
P-16Y,2026-05-21,TIKTOK,4,1605972,5054,58.7810468551043,85.9225,4
P-16Y,2026-05-22,FACEBOOK,1,2179209,6429,67.8330672393991,94.32,1
P-16Y,2026-05-22,INSTAGRAM,3,1431204,4940,66.3414444687899,86.11,3
P-16Y,2026-05-22,TIKTOK,2,1264449,7032,55.709627395879,76.44,2
P-16Y,2026-05-23,INSTAGRAM,1,755780,5925,48.0273781066893,68.9,1
P-16Y,2026-05-23,TIKTOK,4,1696589,5141,65.9078363731528,87.055,3
P-17X,2026-05-10,FACEBOOK,2,530499,8900,44.9660435886302,43.17,2
P-17X,2026-05-10,INSTAGRAM,1,837803,12439,34.1324729581843,37.39,1
P-17X,2026-05-11,TIKTOK,2,1123453,15115,55.5758085458745,43.73,2
P-17X,2026-05-12,FACEBOOK,1,547500,13926,55.8705536926751,37.47,1
P-17X,2026-05-12,TIKTOK,1,547718,17599,46.3178992316398,30.53,1
P-17X,2026-05-13,TIKTOK,4,1030935,12172,38.1313727779594,41.89,4
P-17X,2026-05-14,FACEBOOK,1,423526,7906,39.2435325097272,41.69,1
P-17X,2026-05-14,INSTAGRAM,3,1114563,8788,33.5674112006853,47.95,3
P-17X,2026-05-15,FACEBOOK,1,702525,13092,,35.34,0
P-17X,2026-05-15,INSTAGRAM,1,568622,6194,41.1448379835717,47.56,1
P-17X,2026-05-16,INSTAGRAM,3,953202,11096,48.5505220517929,44.9666666666667,2
P-17X,2026-05-17,INSTAGRAM,1,1387453,14758,24.6431626352972,37.74,1
P-17X,2026-05-17,TIKTOK,1,916350,7520,40.8875108784951,49.88,1
P-17X,2026-05-18,FACEBOOK,1,504208,17237,44.6357032731764,29.38,1
P-17X,2026-05-18,INSTAGRAM,1,754578,7009,55.6785728640884,53.3,1
P-17X,2026-05-18,TIKTOK,2,857529,11212,28.1493740533875,38.05,2
P-17X,2026-05-19,FACEBOOK,1,939717,15988,49.2212250074127,37.0,1
P-17X,2026-05-19,TIKTOK,3,1089986,13660,32.4111365219611,38.84,3
P-17X,2026-05-20,FACEBOOK,2,971627,14613,35.8299287854935,36.32,2
P-17X,2026-05-21,FACEBOOK,1,1494010,8346,52.3609879535783,60.13,1
P-17X,2026-05-21,INSTAGRAM,1,1310750,11571,,46.75,0
P-17X,2026-05-21,TIKTOK,2,886812,15628,40.5161634883953,35.91,2
P-17X,2026-05-22,FACEBOOK,1,690970,17512,59.6033358075231,36.8,1
P-17X,2026-05-22,TIKTOK,2,661466,10660,30.0930754835265,36.95,2
P-17X,2026-05-23,INSTAGRAM,2,856032,17077,33.6225063449193,30.805,2
P-18Y,2026-05-10,INSTAGRAM,2,1017983,12749,54.4864700210594,45.86,2
P-18Y,2026-05-11,INSTAGRAM,2,448067,16488,42.679798589947,27.965,2
P-18Y,2026-05-11,TIKTOK,2,662971,12792,42.8641994479028,37.06,2
P-18Y,2026-05-12,INSTAGRAM,1,1013445,7542,27.3048914119084,46.86,1
P-18Y,2026-05-12,TIKTOK,1,696317,9983,41.5908609052243,42.39,1
P-18Y,2026-05-13,INSTAGRAM,1,988891,10851,15.5362510708278,36.54,1
P-18Y,2026-05-13,TIKTOK,1,1328880,9203,33.2889995620669,50.1,1
P-18Y,2026-05-14,FACEBOOK,1,600806,7396,43.1080600450142,46.38,1
P-18Y,2026-05-14,TIKTOK,1,497354,7534,36.8797800705789,42.68,1
P-18Y,2026-05-15,INSTAGRAM,2,1168469,8053,44.8900030664592,53.71,2
P-18Y,2026-05-15,TIKTOK,1,1268105,10216,54.4787886141818,54.13,1
P-18Y,2026-05-16,FACEBOOK,1,598783,13196,,33.68,0
P-18Y,2026-05-16,INSTAGRAM,2,804189,9902,47.0697636271131,45.81,2
P-18Y,2026-05-16,TIKTOK,1,1063232,10789,29.6589451279095,42.23,1
P-18Y,2026-05-17,FACEBOOK,1,1211429,13458,53.9555967299409,47.08,1
P-18Y,2026-05-17,INSTAGRAM,2,917711,12975,38.2533664609368,38.83,2
P-18Y,2026-05-17,TIKTOK,1,445761,16976,57.3023786895211,32.61,1
P-18Y,2026-05-18,FACEBOOK,1,567349,12890,55.5245589734317,39.58,1
P-18Y,2026-05-18,TIKTOK,1,771803,10514,56.1388616674577,47.11,1
P-18Y,2026-05-19,FACEBOOK,1,610093,13027,22.7321847717125,29.44,1
P-18Y,2026-05-19,INSTAGRAM,2,742406,11431,51.7421060806273,43.575,2
P-18Y,2026-05-20,FACEBOOK,2,797637,10869,17.7391266832597,37.685,1
P-18Y,2026-05-20,TIKTOK,2,556293,17067,22.4966174805426,23.03,2
P-18Y,2026-05-21,FACEBOOK,1,446756,6496,56.8962537479554,50.31,1
P-18Y,2026-05-21,INSTAGRAM,1,419220,14376,40.2902839771993,29.84,1
P-18Y,2026-05-21,TIKTOK,2,906267,10713,27.9011218208688,39.595,2
P-18Y,2026-05-22,INSTAGRAM,1,792853,9408,,43.52,0
P-18Y,2026-05-22,TIKTOK,1,1451819,14808,28.6223859161538,39.83,1
P-18Y,2026-05-23,FACEBOOK,1,877812,15965,36.2617445407102,32.02,1
P-18Y,2026-05-23,TIKTOK,1,869014,13060,35.34598777275,37.05,1
P-19X,2026-05-10,INSTAGRAM,1,820171,17678,55.5103315084012,37.31,1
P-19X,2026-05-10,TIKTOK,3,538503,9571,41.618103683167,40.95,3
P-19X,2026-05-11,FACEBOOK,1,663465,14883,27.6943404511794,28.29,1
P-19X,2026-05-11,INSTAGRAM,1,771224,14018,45.0208605811089,36.98,1
P-19X,2026-05-11,TIKTOK,1,1095203,9886,,46.88,0
P-19X,2026-05-12,FACEBOOK,1,1089986,9629,58.0931513050937,53.88,1
P-19X,2026-05-12,INSTAGRAM,2,858995,12377,59.5279154466659,42.82,1
P-19X,2026-05-13,FACEBOOK,1,617268,15962,17.43549498128,22.34,1
P-19X,2026-05-13,INSTAGRAM,1,1156392,9515,45.0190793721311,50.84,1
P-19X,2026-05-13,TIKTOK,2,509528,12760,50.2989468656006,37.34,2
P-19X,2026-05-14,FACEBOOK,1,1001876,13930,36.6765481177531,37.72,1
P-19X,2026-05-14,INSTAGRAM,1,467221,13351,15.9988081208712,24.66,1
P-19X,2026-05-14,TIKTOK,1,1608309,16995,32.3334213309532,40.98,1
P-19X,2026-05-15,FACEBOOK,2,838585,12072,46.5935752441515,42.075,2
P-19X,2026-05-15,TIKTOK,1,892815,11725,27.4299006081688,37.36,1
P-19X,2026-05-16,FACEBOOK,1,684710,7912,,44.8,0
P-19X,2026-05-16,INSTAGRAM,1,1188294,9409,36.4850905389295,48.76,1
P-19X,2026-05-16,TIKTOK,2,809156,10442,50.2457924075276,43.85,1
P-19X,2026-05-17,FACEBOOK,2,834902,17327,27.4394740947076,28.53,2
P-19X,2026-05-17,INSTAGRAM,2,695607,9304,,42.345,0
P-19X,2026-05-18,INSTAGRAM,2,693757,11212,53.787588205669,43.95,2
P-19X,2026-05-18,TIKTOK,2,1206987,15779,43.5326946176879,39.735,2
P-19X,2026-05-19,INSTAGRAM,3,826498,10368,39.8080033293454,43.08,2
P-19X,2026-05-19,TIKTOK,1,569680,13548,15.1891792663393,25.48,1
P-19X,2026-05-20,FACEBOOK,2,453621,10245,26.0945515696286,33.525,2
P-19X,2026-05-20,INSTAGRAM,1,625472,14254,31.0921465604472,30.03,1
P-19X,2026-05-21,FACEBOOK,1,1634546,6943,33.4415044981452,58.69,1
P-19X,2026-05-21,INSTAGRAM,2,767563,14029,,34.5,0
P-19X,2026-05-22,FACEBOOK,1,1388125,11378,35.1479906929753,47.45,1
P-19X,2026-05-22,INSTAGRAM,1,603037,6464,22.7812745279065,41.66,1
P-19X,2026-05-22,TIKTOK,2,760059,7369,52.2245526517813,49.235,1
P-19X,2026-05-23,FACEBOOK,1,1151073,11795,23.1660373985562,39.5,1
P-19X,2026-05-23,INSTAGRAM,2,636289,9610,31.88775139334,39.14,2
P-20Y,2026-05-10,FACEBOOK,1,622879,11058,22.9308390368317,33.37,1
P-20Y,2026-05-10,INSTAGRAM,1,856956,12770,33.917304573209,36.97,1
P-20Y,2026-05-10,TIKTOK,1,571289,6380,41.5668779191778,47.38,1
P-20Y,2026-05-11,INSTAGRAM,2,1120413,12567,37.2309711636748,42.165,1
P-20Y,2026-05-11,TIKTOK,1,940974,13657,16.7071898330678,30.98,1
P-20Y,2026-05-12,INSTAGRAM,1,395275,16700,53.8568675664919,30.8,1
P-20Y,2026-05-12,TIKTOK,2,1089968,10929,45.7215144390803,47.48,2
P-20Y,2026-05-13,FACEBOOK,1,669534,15920,29.4813308470407,27.01,1
P-20Y,2026-05-13,INSTAGRAM,1,659600,14673,28.4399275412038,28.87,1
P-20Y,2026-05-13,TIKTOK,1,534361,10415,,37.99,0
P-20Y,2026-05-14,INSTAGRAM,2,923352,10845,35.7876394536013,42.115,2
P-20Y,2026-05-14,TIKTOK,2,536970,9291,29.9731114716235,37.73,2
P-20Y,2026-05-15,FACEBOOK,2,722271,8185,32.885510709695,43.34,2
P-20Y,2026-05-15,INSTAGRAM,1,1060106,6016,33.7389665459578,52.44,1
P-20Y,2026-05-16,INSTAGRAM,2,432289,11708,56.3492745165343,37.15,1
P-20Y,2026-05-16,TIKTOK,2,900773,10178,34.1154568018226,42.515,2
P-20Y,2026-05-17,INSTAGRAM,2,983367,13738,40.8853986524277,41.025,2
P-20Y,2026-05-17,TIKTOK,1,747439,10056,,41.66,0
P-20Y,2026-05-18,TIKTOK,2,499709,13367,20.4344874842536,26.765,2
P-20Y,2026-05-19,INSTAGRAM,1,954600,13269,58.1792302112949,45.17,1
P-20Y,2026-05-19,TIKTOK,1,424546,12860,59.4209720445611,38.88,1
P-20Y,2026-05-20,INSTAGRAM,2,857861,9047,26.4226989213529,41.565,2
P-20Y,2026-05-20,TIKTOK,1,991808,9192,39.9351287615616,47.5,1
P-20Y,2026-05-21,FACEBOOK,1,447691,15263,43.4648752232554,29.59,1
P-20Y,2026-05-21,INSTAGRAM,1,1266441,14377,51.7041796001059,45.41,1
P-20Y,2026-05-21,TIKTOK,2,666377,11555,38.0717082321574,37.895,2
P-20Y,2026-05-22,FACEBOOK,1,1480773,8277,21.4570208688722,50.19,1
P-20Y,2026-05-22,INSTAGRAM,1,472364,15248,40.6001834789915,29.05,1
P-20Y,2026-05-23,FACEBOOK,2,615727,8923,49.7844926034412,43.9,1
P-20Y,2026-05-23,TIKTOK,1,710305,10363,18.0332623768591,34.34,1
P-21X,2026-05-10,FACEBOOK,1,914885,17342,38.9992510687649,33.36,1
P-21X,2026-05-10,TIKTOK,1,632749,11243,41.4847144223622,39.1,1
P-21X,2026-05-11,FACEBOOK,1,828596,9685,,43.5,0
P-21X,2026-05-11,TIKTOK,1,804213,17641,46.0680008270716,34.06,1
P-21X,2026-05-12,INSTAGRAM,1,560580,17515,38.3102686378096,28.15,1
P-21X,2026-05-12,TIKTOK,2,730848,16971,33.7857867717428,29.695,1
P-21X,2026-05-13,TIKTOK,4,822220,11686,38.3592444750327,39.935,4
P-21X,2026-05-14,INSTAGRAM,1,859324,13172,57.0394229373625,43.65,1
P-21X,2026-05-14,TIKTOK,1,753249,10373,54.6777228057375,46.65,1
P-21X,2026-05-15,INSTAGRAM,2,622626,11577,22.3998988255001,32.225,2
P-21X,2026-05-16,INSTAGRAM,1,818662,9884,31.6749399916466,41.13,1
P-21X,2026-05-16,TIKTOK,1,729003,15420,48.8129097435487,34.97,1
P-21X,2026-05-17,FACEBOOK,1,978647,12612,51.6862157651407,44.67,1
P-21X,2026-05-17,INSTAGRAM,1,586030,14306,51.8629666159168,36.02,1
P-21X,2026-05-17,TIKTOK,1,1389469,14795,47.1376651845086,44.9,1
P-21X,2026-05-18,FACEBOOK,2,1206074,8315,38.6384189735353,51.745,2
P-21X,2026-05-18,TIKTOK,2,637047,11851,33.9617362774884,35.73,2
P-21X,2026-05-19,FACEBOOK,1,686400,11278,,38.51,0
P-21X,2026-05-19,TIKTOK,1,1060324,13138,49.0412570084433,43.98,1
P-21X,2026-05-20,FACEBOOK,2,904671,14839,49.61677581955,37.55,1
P-21X,2026-05-20,INSTAGRAM,1,551308,7836,28.2345529231053,40.1,1
P-21X,2026-05-21,INSTAGRAM,1,1266218,8703,53.2293819834276,56.54,1
P-21X,2026-05-21,TIKTOK,2,992850,13511,46.9829425596853,42.93,2
P-21X,2026-05-22,FACEBOOK,1,1218023,13227,19.8228963555766,36.69,1
P-21X,2026-05-22,INSTAGRAM,1,1421651,17380,33.8073538825959,38.83,1
P-21X,2026-05-23,INSTAGRAM,1,613243,12743,31.3108600453862,32.76,1
P-21X,2026-05-23,TIKTOK,2,505880,13636,53.6344298994559,34.925,1
P-22Y,2026-05-10,FACEBOOK,1,570504,10611,37.927854278303,38.27,1
P-22Y,2026-05-10,INSTAGRAM,1,1581942,10043,,53.43,0
P-22Y,2026-05-10,TIKTOK,2,581754,11476,36.9061535592639,36.89,2
P-22Y,2026-05-11,FACEBOOK,1,1413516,7911,37.2753621260118,54.99,1
P-22Y,2026-05-11,TIKTOK,2,885743,9530,17.9401905796937,41.465,1
P-22Y,2026-05-12,INSTAGRAM,3,1276006,10125,33.479965115416,47.6866666666667,3
P-22Y,2026-05-12,TIKTOK,1,740390,13677,25.0706501243916,30.8,1
P-22Y,2026-05-13,FACEBOOK,2,858630,10505,,42.385,0
P-22Y,2026-05-14,FACEBOOK,1,703895,11524,17.1686686478988,31.79,1
P-22Y,2026-05-14,TIKTOK,1,567338,13227,49.0184503338241,36.87,1
P-22Y,2026-05-15,FACEBOOK,1,675914,9696,31.4199996029593,39.39,1
P-22Y,2026-05-15,INSTAGRAM,1,522541,12271,58.3825715359123,41.03,1
P-22Y,2026-05-15,TIKTOK,1,689575,16466,20.3110736492465,24.2,1
P-22Y,2026-05-16,INSTAGRAM,3,761247,9940,33.0957589582233,40.6666666666667,3
P-22Y,2026-05-16,TIKTOK,1,1109536,13436,45.1262693510503,42.86,1
P-22Y,2026-05-17,FACEBOOK,1,1065689,7253,34.1651876550802,50.33,1
P-22Y,2026-05-17,INSTAGRAM,1,814890,11636,40.8573468892476,40.73,1
P-22Y,2026-05-17,TIKTOK,1,436536,13289,30.4941235687769,28.99,1
P-22Y,2026-05-18,FACEBOOK,1,479542,12148,,33.97,0
P-22Y,2026-05-18,TIKTOK,1,413473,15370,53.1983083255847,32.02,1
P-22Y,2026-05-19,FACEBOOK,1,875352,7385,54.8861540699753,54.04,1
P-22Y,2026-05-19,INSTAGRAM,1,762370,15746,36.1939301602871,30.79,1
P-22Y,2026-05-19,TIKTOK,1,844199,16778,26.1817201079714,28.26,1
P-22Y,2026-05-20,FACEBOOK,1,1070464,8446,,49.23,0
P-22Y,2026-05-20,INSTAGRAM,2,1112148,10520,25.6635164732789,42.14,2
P-22Y,2026-05-20,TIKTOK,1,796651,7879,16.0788951705008,39.58,1
P-22Y,2026-05-21,FACEBOOK,1,785548,7297,57.8561478239253,53.89,1
P-22Y,2026-05-21,INSTAGRAM,1,790227,8627,33.5481532634869,43.68,1
P-22Y,2026-05-22,FACEBOOK,1,432812,7774,39.9075344596103,42.29,1
P-22Y,2026-05-22,INSTAGRAM,2,1011088,11670,36.3637487853851,41.98,2
P-22Y,2026-05-23,FACEBOOK,2,721595,13278,38.0262419389011,36.0,2
P-22Y,2026-05-23,INSTAGRAM,1,880899,15065,38.0835871989773,34.34,1
P-22Y,2026-05-23,TIKTOK,1,1022384,9164,22.0177323322526,42.25,1
P-23X,2026-05-10,FACEBOOK,2,898300,11452,42.5265537671579,42.78,2
P-23X,2026-05-10,INSTAGRAM,1,1076919,17036,48.483163116669,38.67,1
P-23X,2026-05-10,TIKTOK,1,1327003,15338,50.6103605347022,44.11,1
P-23X,2026-05-11,INSTAGRAM,1,643046,10233,41.0574106221631,41.0,1
P-23X,2026-05-11,TIKTOK,3,647850,11983,20.8362058259669,33.0966666666667,2
P-23X,2026-05-12,INSTAGRAM,1,1073331,13641,,39.53,0
P-23X,2026-05-12,TIKTOK,1,1046413,8535,49.1168582096324,52.44,1
P-23X,2026-05-13,FACEBOOK,1,381362,16847,39.9198217424139,26.14,1
P-23X,2026-05-13,INSTAGRAM,2,499966,10208,35.239647224053,37.17,2
P-23X,2026-05-13,TIKTOK,1,1449182,7298,52.3685872793537,61.47,1
P-23X,2026-05-14,FACEBOOK,1,919978,8352,47.1810869028214,50.39,1
P-23X,2026-05-14,TIKTOK,1,1044110,9608,41.5322832800247,47.97,1
P-23X,2026-05-15,FACEBOOK,2,1023600,9685,44.0134397066917,48.33,2
P-23X,2026-05-15,TIKTOK,1,423103,12012,36.9526315528023,33.26,1
P-23X,2026-05-16,FACEBOOK,1,1153822,9870,23.9497205478437,43.4,1
P-23X,2026-05-16,TIKTOK,3,658746,12333,27.5394071056648,33.8666666666667,3
P-23X,2026-05-17,FACEBOOK,1,365902,6881,15.9659692153782,35.36,1
P-23X,2026-05-17,INSTAGRAM,1,652869,12270,53.9548187144726,41.45,1
P-23X,2026-05-18,FACEBOOK,1,733611,15277,31.7090867041032,29.83,1
P-23X,2026-05-18,TIKTOK,1,1505998,16608,56.9435472091013,47.42,1
P-23X,2026-05-19,FACEBOOK,1,1006186,11973,32.7999091479786,40.21,1
P-23X,2026-05-19,INSTAGRAM,2,766128,9126,54.9866977958364,49.265,2
P-23X,2026-05-20,FACEBOOK,2,1007835,14591,25.5126955947244,32.99,2
P-23X,2026-05-20,INSTAGRAM,2,776423,11075,39.8834446743177,40.925,2
P-23X,2026-05-21,FACEBOOK,2,1176575,15062,31.0748446012753,36.26,2
P-23X,2026-05-21,TIKTOK,1,794873,17312,59.8916871819967,38.35,1
P-23X,2026-05-22,FACEBOOK,1,457959,12619,15.9768617944338,25.9,1
P-23X,2026-05-22,INSTAGRAM,1,768850,9557,39.1719320232696,43.44,1
P-23X,2026-05-22,TIKTOK,1,738582,11221,21.9914639464676,34.39,1
P-23X,2026-05-23,FACEBOOK,2,612830,15200,40.9969150998423,32.065,1
P-23X,2026-05-23,INSTAGRAM,2,718412,9464,42.1520725915403,43.855,2
P-24Y,2026-05-10,INSTAGRAM,1,709224,12726,51.9609432238567,40.75,1
P-24Y,2026-05-10,TIKTOK,1,697475,17685,15.569324595474,22.8,1
P-24Y,2026-05-11,FACEBOOK,3,827794,14019,35.9523368762389,36.6266666666667,2
P-24Y,2026-05-12,FACEBOOK,3,876332,10401,29.2042726113434,40.1733333333333,3
P-24Y,2026-05-12,TIKTOK,1,901405,17527,52.6029227515169,37.52,1
P-24Y,2026-05-13,FACEBOOK,1,912966,15799,56.1471170422272,39.19,1
P-24Y,2026-05-13,INSTAGRAM,1,946630,14776,,35.62,0
P-24Y,2026-05-14,FACEBOOK,3,854819,9239,47.092384438809,47.7766666666667,3
P-24Y,2026-05-15,FACEBOOK,1,456298,7490,54.8150888871615,47.92,1
P-24Y,2026-05-15,INSTAGRAM,1,542453,16873,50.7647362246413,31.88,1
P-24Y,2026-05-15,TIKTOK,1,529914,10118,40.5055390201777,39.45,1
P-24Y,2026-05-16,FACEBOOK,2,906920,14472,34.4535519106025,34.65,2
P-24Y,2026-05-16,TIKTOK,1,1252963,8092,18.4469300942237,46.36,1
P-24Y,2026-05-17,FACEBOOK,3,634775,10252,32.8193118830489,38.2133333333333,3
P-24Y,2026-05-17,INSTAGRAM,1,811504,10940,51.765274512547,45.47,1
P-24Y,2026-05-18,FACEBOOK,1,1037307,9560,24.5590309775902,42.53,1
P-24Y,2026-05-18,INSTAGRAM,1,907443,15086,47.6872992952786,37.75,1
P-24Y,2026-05-18,TIKTOK,1,744999,11019,35.7342096339988,39.26,1
P-24Y,2026-05-19,FACEBOOK,1,519029,9877,58.8429239842554,45.62,1
P-24Y,2026-05-19,INSTAGRAM,3,883225,11176,39.8420637721702,41.9733333333333,2
P-24Y,2026-05-20,FACEBOOK,1,892376,15274,26.1961858714705,30.3,1
P-24Y,2026-05-20,TIKTOK,1,587327,13954,48.9776741024776,35.78,1
P-24Y,2026-05-21,INSTAGRAM,2,933280,16694,20.1040879014798,27.565,2
P-24Y,2026-05-22,INSTAGRAM,2,499918,12087,55.6261813297668,40.17,2
P-24Y,2026-05-23,FACEBOOK,1,1428852,13741,,44.35,0
P-24Y,2026-05-23,INSTAGRAM,1,921123,10177,,43.88,0
P-25X,2026-05-10,FACEBOOK,1,1246374,13920,23.5619394312669,36.98,1
P-25X,2026-05-10,INSTAGRAM,1,868373,14129,30.5086752646196,33.49,1
P-25X,2026-05-10,TIKTOK,1,1555981,12387,31.8820069926187,46.88,1
P-25X,2026-05-11,FACEBOOK,1,657479,13320,26.3819381457367,30.72,1
P-25X,2026-05-11,INSTAGRAM,2,823143,11746,58.1910780303176,42.875,1
P-25X,2026-05-11,TIKTOK,1,506804,16149,37.3354487441181,27.08,1
P-25X,2026-05-12,FACEBOOK,2,495582,10873,15.8937443948597,33.13,1
P-25X,2026-05-12,INSTAGRAM,2,843348,14629,23.9171973750465,30.09,2
P-25X,2026-05-13,FACEBOOK,3,839285,13464,35.8204433267217,36.13,3
P-25X,2026-05-13,TIKTOK,1,812764,12616,21.27038992131,32.59,1
P-25X,2026-05-14,FACEBOOK,1,770081,11090,39.2335995573979,40.6,1
P-25X,2026-05-14,INSTAGRAM,2,556300,12787,42.9402277093221,35.595,2
P-25X,2026-05-15,FACEBOOK,1,750734,14978,17.0540943656595,25.94,1
P-25X,2026-05-15,INSTAGRAM,2,1032506,12015,20.1804395476042,38.155,2
P-25X,2026-05-16,FACEBOOK,2,938191,11205,44.5606746602714,44.455,2
P-25X,2026-05-16,TIKTOK,1,989245,17131,37.9128612649647,34.05,1
P-25X,2026-05-17,TIKTOK,2,468977,14672,43.3778429604684,30.97,2
P-25X,2026-05-18,FACEBOOK,1,1229115,17625,41.9598508817091,38.73,1
P-25X,2026-05-18,INSTAGRAM,1,656464,15803,47.9986263162486,32.97,1
P-25X,2026-05-18,TIKTOK,2,466995,13546,50.7457389027253,34.625,1
P-25X,2026-05-19,INSTAGRAM,2,1024471,11289,35.461573942829,42.595,2
P-25X,2026-05-19,TIKTOK,1,991916,9446,31.2013747093141,44.23,1
P-25X,2026-05-20,INSTAGRAM,1,541834,9080,20.271403161957,35.09,1
P-25X,2026-05-20,TIKTOK,2,785154,11013,23.8100221982703,36.02,2
P-25X,2026-05-21,INSTAGRAM,1,526899,14845,,29.58,0
P-25X,2026-05-21,TIKTOK,2,886472,10283,41.1725350660139,44.37,2
P-25X,2026-05-22,INSTAGRAM,1,788684,11017,33.5030331727728,39.16,1
P-25X,2026-05-22,TIKTOK,2,1192080,12495,25.2565962014117,39.495,2
P-25X,2026-05-23,INSTAGRAM,2,892482,12156,29.5077455657954,37.21,2
P-26Y,2026-05-10,FACEBOOK,2,1134675,11075,,45.205,0
P-26Y,2026-05-10,TIKTOK,2,1022048,13227,55.8829335662337,46.315,2
P-26Y,2026-05-11,INSTAGRAM,1,1554572,9820,,53.47,0
P-26Y,2026-05-11,TIKTOK,2,972588,8018,27.3670884059513,45.415,2
P-26Y,2026-05-12,FACEBOOK,2,820637,8684,34.3521473028108,44.26,2
P-26Y,2026-05-12,INSTAGRAM,1,496717,9789,39.1828928482644,39.17,1
P-26Y,2026-05-13,FACEBOOK,2,847255,14502,18.3296722973135,29.53,2
P-26Y,2026-05-14,INSTAGRAM,1,931404,8090,33.6930705381206,46.72,1
P-26Y,2026-05-14,TIKTOK,2,671289,15498,20.9315612497676,25.235,2
P-26Y,2026-05-15,FACEBOOK,1,919016,13205,35.260035732152,37.46,1
P-26Y,2026-05-15,TIKTOK,3,776446,15391,16.5802004188151,28.7666666666667,2
P-26Y,2026-05-16,FACEBOOK,1,782664,17734,41.7541589500553,32.38,1
P-26Y,2026-05-16,INSTAGRAM,1,643728,9994,24.0897032527121,36.03,1
P-26Y,2026-05-16,TIKTOK,2,716464,12159,35.9521829053573,37.145,2
P-26Y,2026-05-17,TIKTOK,2,862132,12342,35.3086934748612,39.61,1
P-26Y,2026-05-18,TIKTOK,2,1034080,13227,33.6718020802946,39.02,2
P-26Y,2026-05-19,FACEBOOK,1,830270,9876,45.9051916545074,45.86,1
P-26Y,2026-05-19,INSTAGRAM,1,507933,14124,38.2048564189538,30.89,1
P-26Y,2026-05-20,INSTAGRAM,1,456320,12822,24.6576001843789,28.27,1
P-26Y,2026-05-20,TIKTOK,1,375591,6317,22.9400625787483,38.78,1
P-26Y,2026-05-21,FACEBOOK,1,453575,9648,,38.29,0
P-26Y,2026-05-21,INSTAGRAM,1,728912,11376,38.561142088796,39.27,1
P-26Y,2026-05-21,TIKTOK,2,1019570,14705,40.5528724091481,38.735,2
P-26Y,2026-05-22,INSTAGRAM,1,429667,13359,47.7577272905841,34.28,1
P-26Y,2026-05-22,TIKTOK,1,746317,11282,55.025454506031,44.96,1
P-26Y,2026-05-23,FACEBOOK,1,546501,11764,25.8463223079723,31.9,1
P-26Y,2026-05-23,TIKTOK,2,777308,13182,26.4428292405406,33.26,2
P-27X,2026-05-10,FACEBOOK,2,523666,13109,51.3466492261632,37.22,2
P-27X,2026-05-10,INSTAGRAM,2,798942,12196,28.2586621902944,36.745,2
P-27X,2026-05-11,FACEBOOK,1,1015259,7973,52.9979553604484,54.3,1
P-27X,2026-05-11,INSTAGRAM,2,902781,12789,29.6202395496642,36.205,2
P-27X,2026-05-12,FACEBOOK,1,1208815,15608,53.2783709530353,42.8,1
P-27X,2026-05-12,INSTAGRAM,1,511228,6043,52.6525383131677,50.71,1
P-27X,2026-05-12,TIKTOK,1,510131,11348,34.9473839665731,35.09,1
P-27X,2026-05-13,FACEBOOK,1,625493,13845,51.1657994897001,37.22,1
P-27X,2026-05-13,INSTAGRAM,2,675724,7855,39.9217873103386,45.17,1
P-27X,2026-05-13,TIKTOK,1,793502,14771,33.7012381060489,32.26,1
P-27X,2026-05-14,FACEBOOK,1,442909,6631,51.0604534835646,48.14,1
P-27X,2026-05-14,INSTAGRAM,1,652588,17265,57.256172840543,35.51,1
P-27X,2026-05-14,TIKTOK,1,530764,10000,19.1584896892947,32.85,1
P-27X,2026-05-15,FACEBOOK,2,904788,16930,55.7406467627019,38.57,2
P-27X,2026-05-15,INSTAGRAM,2,722849,11169,29.7792693248458,36.76,2
P-27X,2026-05-16,FACEBOOK,2,822401,11776,39.1321311573966,39.755,1
P-27X,2026-05-16,TIKTOK,2,1120694,12472,24.8576377251631,38.395,2
P-27X,2026-05-17,FACEBOOK,1,664575,13764,35.4040607454551,32.88,1
P-27X,2026-05-17,INSTAGRAM,1,414233,14967,22.3462502498311,22.92,1
P-27X,2026-05-17,TIKTOK,1,1234852,8093,37.3759423738395,52.17,1
P-27X,2026-05-18,INSTAGRAM,3,875822,9482,38.0797681274501,44.7333333333333,3
P-27X,2026-05-19,FACEBOOK,2,552162,12507,47.5825017164086,37.545,2
P-27X,2026-05-19,TIKTOK,1,1044360,8279,59.8614834615725,56.33,1
P-27X,2026-05-20,FACEBOOK,1,626253,12173,16.0837110563639,29.14,1
P-27X,2026-05-20,INSTAGRAM,2,794009,7692,25.9516654198799,43.055,2
P-27X,2026-05-21,INSTAGRAM,1,728063,17504,26.5916317871728,26.76,1
P-27X,2026-05-21,TIKTOK,2,1229679,10063,40.7498761313673,49.475,2
P-27X,2026-05-22,FACEBOOK,1,696089,12499,51.5517665268657,40.86,1
P-27X,2026-05-22,INSTAGRAM,1,578517,10266,52.2680055098753,43.62,1
P-27X,2026-05-23,FACEBOOK,1,376363,8317,19.8424838887666,34.05,1
P-27X,2026-05-23,INSTAGRAM,1,710379,11278,31.9391834955351,37.07,1
P-27X,2026-05-23,TIKTOK,1,848291,11209,58.2720458456583,47.57,1
P-28Y,2026-05-10,TIKTOK,3,1098713,9583,40.1330667084614,48.34,3
P-28Y,2026-05-11,INSTAGRAM,1,1374983,13728,24.1756879663298,39.35,1
P-28Y,2026-05-11,TIKTOK,2,476035,15653,18.616239725796,24.935,1
P-28Y,2026-05-12,FACEBOOK,2,570463,9451,46.9762048156813,43.34,2
P-28Y,2026-05-12,TIKTOK,1,1492262,12485,53.0185629638879,52.56,1
P-28Y,2026-05-13,FACEBOOK,1,577934,6422,,46.09,0
P-28Y,2026-05-13,TIKTOK,1,1153668,10500,33.7229538656824,45.34,1
P-28Y,2026-05-14,FACEBOOK,1,1205112,8111,30.2588189801255,49.44,1
P-28Y,2026-05-14,INSTAGRAM,1,454237,12726,32.1842031480535,30.83,1
P-28Y,2026-05-15,FACEBOOK,1,749481,6118,24.8135978706347,45.02,1
P-28Y,2026-05-15,INSTAGRAM,1,424704,12730,29.4028893196691,29.52,1
P-28Y,2026-05-15,TIKTOK,1,1240291,10866,,47.08,0
P-28Y,2026-05-16,INSTAGRAM,2,823389,10342,49.1908287081612,45.935,2
P-28Y,2026-05-16,TIKTOK,1,862031,16825,32.8016794427639,30.63,1
P-28Y,2026-05-17,FACEBOOK,1,747934,9902,53.8659387902176,47.2,1
P-28Y,2026-05-17,TIKTOK,1,520335,8676,55.7993286308604,46.91,1
P-28Y,2026-05-18,FACEBOOK,1,1199045,10772,28.0707618510787,43.66,1
P-28Y,2026-05-18,INSTAGRAM,2,1032678,12059,31.4948060777686,42.18,1
P-28Y,2026-05-18,TIKTOK,1,606930,7803,59.5282575478594,50.96,1
P-28Y,2026-05-19,FACEBOOK,1,556213,15645,39.7321971290627,29.21,1
P-28Y,2026-05-19,INSTAGRAM,2,925482,11369,21.8010629947223,37.34,2
P-28Y,2026-05-20,INSTAGRAM,3,893905,11413,29.3364891532591,38.57,3
P-28Y,2026-05-20,TIKTOK,1,1110674,11848,45.1037071340602,45.85,1
P-28Y,2026-05-21,INSTAGRAM,1,926970,13414,37.1886825552996,37.8,1
P-28Y,2026-05-21,TIKTOK,1,1061301,17348,32.3606255161309,33.29,1
P-28Y,2026-05-22,FACEBOOK,1,1220499,6390,28.3365129637493,52.26,1
P-28Y,2026-05-22,INSTAGRAM,1,446476,13469,,31.03,0
P-28Y,2026-05-23,INSTAGRAM,4,795879,14394,36.0547864039614,34.33,4
P-29X,2026-05-10,INSTAGRAM,3,412738,16080,28.8944531166408,22.0566666666667,2
P-29X,2026-05-10,TIKTOK,1,360706,8553,52.5803903535244,39.87,1
P-29X,2026-05-13,FACEBOOK,1,1069975,13929,40.6682079726347,35.96,1
P-29X,2026-05-16,FACEBOOK,2,486432,14392,51.7599658094247,30.59,1
P-29X,2026-05-16,INSTAGRAM,1,366972,8175,24.8529615324766,31.79,1
P-29X,2026-05-18,INSTAGRAM,1,975471,16469,16.625499640501,23.05,1
P-29X,2026-05-19,INSTAGRAM,1,679433,22179,34.7318303980257,24.68,1
P-29X,2026-05-19,TIKTOK,1,909431,21464,53.5685225080209,33.94,1
P-29X,2026-05-20,INSTAGRAM,1,327777,8953,,33.83,0
P-29X,2026-05-20,TIKTOK,1,655133,18942,30.4941981083611,22.98,1
P-30Y,2026-05-11,FACEBOOK,1,540552,16906,26.1879069235359,19.99,1
P-30Y,2026-05-12,FACEBOOK,1,793030,14521,41.1056941435485,31.09,1
P-30Y,2026-05-12,TIKTOK,1,357815,11211,38.8130213936191,30.44,1
P-30Y,2026-05-13,TIKTOK,1,686125,21148,36.2082992003432,25.24,1
P-30Y,2026-05-15,FACEBOOK,1,428136,14784,24.2058466391527,20.05,1
P-30Y,2026-05-15,INSTAGRAM,1,306973,22619,36.7874387680814,20.09,1
P-30Y,2026-05-17,INSTAGRAM,1,923527,11416,44.3057378868624,39.77,1
P-30Y,2026-05-18,TIKTOK,1,915928,9264,20.3567130357836,36.03,1
P-30Y,2026-05-19,INSTAGRAM,2,602688,13930,40.5636688463278,29.62,2
P-30Y,2026-05-19,TIKTOK,1,967547,14988,14.9550648933322,24.3,1
P-30Y,2026-05-21,INSTAGRAM,2,707933,17295,26.1561756895132,24.15,1
P-30Y,2026-05-21,TIKTOK,1,392278,17934,,21.52,0
P-30Y,2026-05-22,FACEBOOK,1,384122,22967,52.1446694693587,26.09,1
P-30Y,2026-05-22,TIKTOK,1,500537,22981,11.7740518620998,14.81,1
P-31X,2026-05-10,FACEBOOK,1,503195,14696,16.147926895537,18.69,1
P-31X,2026-05-11,FACEBOOK,1,422376,14906,35.8032963919737,23.45,1
P-31X,2026-05-12,FACEBOOK,1,1172534,11556,52.304350010033,45.57,1
P-31X,2026-05-12,INSTAGRAM,1,779586,16730,49.2436625138094,30.73,1
P-31X,2026-05-13,INSTAGRAM,1,784044,17675,,27.03,0
P-31X,2026-05-13,TIKTOK,1,666663,13638,28.5663607487705,26.95,1
P-31X,2026-05-15,FACEBOOK,1,919752,17877,13.9210263317334,21.4,1
P-31X,2026-05-15,TIKTOK,1,433109,11349,41.1262626474514,31.98,1
P-31X,2026-05-20,INSTAGRAM,2,772216,20680,41.8238388548044,28.255,2
P-31X,2026-05-20,TIKTOK,1,959990,23649,10.7694696714661,20.96,1
P-32Y,2026-05-11,TIKTOK,1,891943,17872,49.268595079337,32.32,1
P-32Y,2026-05-12,TIKTOK,1,564722,23243,,23.95,0
P-32Y,2026-05-14,FACEBOOK,1,974823,16818,42.5814930545645,31.35,1
P-32Y,2026-05-14,INSTAGRAM,1,747713,13658,44.3255692628356,33.1,1
P-32Y,2026-05-17,FACEBOOK,1,351001,12855,45.5402009749217,29.41,1
P-32Y,2026-05-18,TIKTOK,2,413314,20199,16.0319878381587,14.95,2
P-32Y,2026-05-20,FACEBOOK,2,721687,21539,17.1984860676235,19.66,2
P-32Y,2026-05-21,TIKTOK,1,440168,14180,,25.61,0
P-32Y,2026-05-22,FACEBOOK,1,366744,17437,13.2782762269464,13.41,1
P-32Y,2026-05-22,INSTAGRAM,1,451468,9454,43.6852149211655,36.61,1
P-32Y,2026-05-22,TIKTOK,1,711052,20207,19.3395117228453,20.2,1
P-33X,2026-05-10,INSTAGRAM,1,911461,8270,31.8574856348731,41.52,1
P-33X,2026-05-10,TIKTOK,1,412510,17925,24.5785073161012,17.67,1
P-33X,2026-05-12,TIKTOK,3,514460,13231,26.22160594212,26.3833333333333,2
P-33X,2026-05-13,FACEBOOK,1,399838,23497,30.9139519969878,19.52,1
P-33X,2026-05-13,INSTAGRAM,1,1210035,20905,19.1332291083594,27.15,1
P-33X,2026-05-14,TIKTOK,1,353626,22736,17.0199525575943,14.42,1
P-33X,2026-05-16,FACEBOOK,1,454396,11393,35.4835873992707,30.39,1
P-33X,2026-05-18,FACEBOOK,1,691728,19590,24.3870692859979,21.54,1
P-33X,2026-05-19,FACEBOOK,1,358116,9828,19.6695313397181,26.91,1
P-33X,2026-05-19,INSTAGRAM,1,262669,8084,36.8458888445784,34.33,1
P-33X,2026-05-19,TIKTOK,1,1126130,19256,11.1228130515665,23.41,1
P-33X,2026-05-21,INSTAGRAM,1,679637,22320,,25.57,0
P-33X,2026-05-23,FACEBOOK,1,563231,15113,53.8274197109793,30.81,1
P-33X,2026-05-23,INSTAGRAM,1,245502,11025,24.5660680778106,24.64,1
P-34Y,2026-05-11,FACEBOOK,1,1029850,22887,53.8553032627684,35.73,1
P-34Y,2026-05-11,TIKTOK,1,372903,10543,45.309513966772,33.98,1
P-34Y,2026-05-13,TIKTOK,1,246398,16192,26.1481269418128,15.84,1
P-34Y,2026-05-16,FACEBOOK,1,629836,20605,45.802713791689,27.52,1
P-34Y,2026-05-16,TIKTOK,1,335626,22362,52.9569748733488,25.67,1
P-34Y,2026-05-17,FACEBOOK,1,977674,19577,20.127291749695,24.2,1
P-34Y,2026-05-19,FACEBOOK,1,375538,9887,12.1117544245102,24.62,1
P-34Y,2026-05-19,INSTAGRAM,1,540063,22693,27.1169982438373,20.28,1
P-34Y,2026-05-19,TIKTOK,1,917995,10745,27.8955587163931,35.7,1
P-34Y,2026-05-20,INSTAGRAM,1,367079,13034,17.5989272608486,20.36,1
P-34Y,2026-05-22,INSTAGRAM,2,368295,19449,49.7316438875157,23.14,1
P-34Y,2026-05-22,TIKTOK,1,381032,14591,,24.0,0
P-34Y,2026-05-23,INSTAGRAM,1,343253,14450,23.0621481548474,19.12,1
P-34Y,2026-05-23,TIKTOK,2,614426,10569,15.661431332944,31.335,1
P-35X,2026-05-10,INSTAGRAM,1,1198302,17881,,32.86,0
P-35X,2026-05-10,TIKTOK,2,741922,20704,24.4041167730808,25.285,2
P-35X,2026-05-11,FACEBOOK,1,457165,23078,41.7876961595737,23.81,1
P-35X,2026-05-12,TIKTOK,1,856799,18096,36.2673051049452,27.66,1
P-35X,2026-05-18,INSTAGRAM,1,1168537,14291,15.1959326392022,28.51,1
P-35X,2026-05-19,TIKTOK,2,644298,12533,43.7029926386366,32.56,1
P-35X,2026-05-21,FACEBOOK,1,453141,14701,43.2098498926834,26.64,1
P-35X,2026-05-21,INSTAGRAM,2,820300,10963,34.8807777741944,36.15,2
P-35X,2026-05-23,FACEBOOK,1,856104,11108,16.0675840083688,30.36,1
P-36Y,2026-05-11,INSTAGRAM,1,925486,22482,,29.03,0
P-36Y,2026-05-11,TIKTOK,1,891870,14825,54.7468419432435,36.27,1
P-36Y,2026-05-12,INSTAGRAM,2,686025,16130,27.6625546146107,27.435,2
P-36Y,2026-05-12,TIKTOK,1,569203,20542,28.426745171785,21.11,1
P-36Y,2026-05-16,FACEBOOK,1,331976,12234,17.4448828745823,21.32,1
P-36Y,2026-05-16,INSTAGRAM,1,350239,18560,32.8918580784356,19.45,1
P-36Y,2026-05-16,TIKTOK,1,1249549,15369,25.6414556190452,30.97,1
P-36Y,2026-05-17,TIKTOK,1,510977,15814,25.5221121925369,19.71,1
P-36Y,2026-05-18,FACEBOOK,2,802519,10728,38.5378713666436,37.515,2
P-36Y,2026-05-23,INSTAGRAM,2,623531,14449,36.0477793220668,29.345,2
P-37X,2026-05-10,FACEBOOK,1,413580,25554,13.7371857831918,0.22,1
P-37X,2026-05-11,INSTAGRAM,1,524639,39472,,9.38,0
P-37X,2026-05-13,INSTAGRAM,1,178769,25346,7.6621246959019,0.0,1
P-37X,2026-05-13,TIKTOK,1,208616,14527,12.4334442112356,0.0,1
P-37X,2026-05-15,INSTAGRAM,1,222166,21804,5.2169483503422,0.0,1
P-37X,2026-05-19,FACEBOOK,1,613115,31995,22.0083180487832,5.67,1
P-37X,2026-05-19,TIKTOK,1,230437,17188,14.842176505472,0.0,1
P-37X,2026-05-20,INSTAGRAM,1,178137,26838,16.7478321947054,0.0,1
P-37X,2026-05-20,TIKTOK,1,228485,15976,21.7142777436223,0.21,1
P-37X,2026-05-21,INSTAGRAM,1,309115,29592,22.1904964836744,1.45,1
P-37X,2026-05-22,FACEBOOK,1,171282,15967,11.7080034393583,0.0,1
P-37X,2026-05-23,TIKTOK,1,615096,33481,34.44398520588,9.68,1
P-38Y,2026-05-10,FACEBOOK,2,203197,35058,30.4012343763801,2.585,2
P-38Y,2026-05-10,TIKTOK,1,461682,14437,18.5780244966403,5.37,1
P-38Y,2026-05-11,FACEBOOK,1,656360,33326,17.7130617317216,4.91,1
P-38Y,2026-05-11,INSTAGRAM,1,558486,20136,9.5261927600349,0.91,1
P-38Y,2026-05-12,INSTAGRAM,1,380732,19576,32.5109820955951,5.76,1
P-38Y,2026-05-16,INSTAGRAM,1,528613,20133,17.7070593136497,3.11,1
P-38Y,2026-05-17,INSTAGRAM,1,182364,13552,22.9278319078993,4.49,1
P-38Y,2026-05-20,INSTAGRAM,1,573251,35453,25.9073471161345,6.36,1
P-38Y,2026-05-23,INSTAGRAM,1,401840,39205,1.3892616549102,0.0,1
P-39X,2026-05-10,INSTAGRAM,1,151092,22490,21.3146006014235,0.0,1
P-39X,2026-05-10,TIKTOK,1,65342,35405,6.8158315984474,0.0,1
P-39X,2026-05-12,INSTAGRAM,1,405619,21831,8.4849514053315,0.0,1
P-39X,2026-05-14,FACEBOOK,1,216295,17266,30.4582661859727,2.79,1
P-39X,2026-05-15,TIKTOK,2,211634,21935,22.97757386648,1.455,2
P-39X,2026-05-16,INSTAGRAM,1,337479,19520,1.2144072493011,0.0,1
P-39X,2026-05-16,TIKTOK,1,333337,31734,6.3914222419529,0.0,1
P-39X,2026-05-20,INSTAGRAM,1,642596,38652,31.2815909882276,9.05,1
P-39X,2026-05-20,TIKTOK,1,333167,12167,23.5547294329233,9.41,1
P-39X,2026-05-22,INSTAGRAM,1,437225,17167,12.2949354847642,0.09,1
P-40Y,2026-05-10,FACEBOOK,1,128043,32937,5.5731656128114,0.0,1
P-40Y,2026-05-12,FACEBOOK,1,300150,22421,27.188069690876,2.92,1
P-40Y,2026-05-12,TIKTOK,1,163149,34550,1.8650236020324,0.0,1
P-40Y,2026-05-13,FACEBOOK,1,120591,22881,6.3252742431558,0.0,1
P-40Y,2026-05-13,INSTAGRAM,1,667661,26055,,11.4,0
P-40Y,2026-05-16,INSTAGRAM,1,162563,31965,5.0516833913539,0.0,1
P-40Y,2026-05-17,FACEBOOK,1,359973,38045,26.3259845073426,3.49,1
P-40Y,2026-05-17,TIKTOK,1,173352,24760,9.0033031471562,0.0,1
P-40Y,2026-05-18,TIKTOK,1,399537,12978,13.3621821547743,5.57,1
P-40Y,2026-05-19,INSTAGRAM,1,438733,28219,26.0288301681528,4.5,1
P-40Y,2026-05-21,INSTAGRAM,1,151815,39471,12.0376911720022,0.0,1
P-40Y,2026-05-22,TIKTOK,1,469646,19767,13.3255150115177,0.87,1
P-40Y,2026-05-23,TIKTOK,1,420840,36939,24.2014963336252,3.67,1
P-41X,2026-05-10,FACEBOOK,1,357019,15845,15.291569381229,0.21,1
P-41X,2026-05-11,INSTAGRAM,1,392745,26087,4.4408007505298,0.0,1
P-41X,2026-05-13,INSTAGRAM,1,506405,34398,34.0764700295767,8.03,1
P-41X,2026-05-13,TIKTOK,1,312400,36974,17.6172233996535,0.03,1
P-41X,2026-05-15,TIKTOK,1,97950,35351,32.99826860935,1.94,1
P-41X,2026-05-17,FACEBOOK,1,577379,22888,19.4906801669827,4.36,1
P-41X,2026-05-18,FACEBOOK,1,210425,33188,2.0359527957558,0.0,1
P-41X,2026-05-18,TIKTOK,1,152254,12891,,9.97,0
P-41X,2026-05-19,FACEBOOK,1,403404,26367,22.3851352619257,2.84,1
P-41X,2026-05-19,TIKTOK,1,140820,22175,19.9437798317147,0.0,1
P-41X,2026-05-23,TIKTOK,1,194452,20831,28.313195212959,1.8,1
P-42Y,2026-05-12,INSTAGRAM,2,199125,21500,8.9758238190089,0.0,2
P-42Y,2026-05-15,INSTAGRAM,1,174778,14326,28.0160959673601,4.56,1
P-42Y,2026-05-16,FACEBOOK,2,407435,22394,9.4587946174282,5.31,1
P-42Y,2026-05-18,INSTAGRAM,1,378061,25494,14.2247606062953,0.0,1
P-42Y,2026-05-18,TIKTOK,1,122613,39424,4.1672537498862,0.0,1
P-42Y,2026-05-22,FACEBOOK,2,316813,14509,4.2602104598153,1.175,2
P-42Y,2026-05-23,FACEBOOK,1,277940,14862,33.9253278917232,6.9,1
P-42Y,2026-05-23,TIKTOK,1,375488,39253,14.3938875117706,0.0,1
P-43X,2026-05-10,FACEBOOK,2,389600,25089,33.1987534022006,6.795,1
P-43X,2026-05-11,TIKTOK,1,254825,13195,12.5680634042373,2.87,1
P-43X,2026-05-12,TIKTOK,1,384231,29976,21.417059250362,2.26,1
P-43X,2026-05-14,FACEBOOK,1,255947,29217,2.0816998182814,0.0,1
P-43X,2026-05-14,INSTAGRAM,1,422994,38065,25.0335511766663,3.96,1
P-43X,2026-05-18,FACEBOOK,1,113499,17252,19.2166650032931,0.0,1
P-43X,2026-05-18,INSTAGRAM,1,135807,37804,4.648671757389,0.0,1
P-43X,2026-05-22,FACEBOOK,1,88688,34207,9.3354351828945,0.0,1
P-43X,2026-05-22,INSTAGRAM,1,391165,29987,20.5854740451549,2.09,1
P-43X,2026-05-23,INSTAGRAM,1,283289,26592,0.8692519527408,0.0,1
P-44Y,2026-05-10,FACEBOOK,1,148590,29805,31.7165453328504,2.24,1
P-44Y,2026-05-12,INSTAGRAM,1,224017,26507,6.3783457916332,0.0,1
P-44Y,2026-05-13,TIKTOK,2,282560,24511,21.427177820728,1.725,2
P-44Y,2026-05-16,TIKTOK,1,470031,16321,1.2174512509212,0.0,1
P-44Y,2026-05-19,FACEBOOK,1,225100,34059,21.252654942616,0.0,1
P-44Y,2026-05-20,INSTAGRAM,1,274881,23309,19.0514277859179,0.0,1
P-44Y,2026-05-20,TIKTOK,1,295218,39376,,6.15,0
P-44Y,2026-05-21,FACEBOOK,1,97445,23854,32.0552710756463,1.63,1
P-44Y,2026-05-22,INSTAGRAM,1,275694,37763,28.0308343732036,2.85,1
P-44Y,2026-05-22,TIKTOK,1,161783,25029,25.7573103602086,0.52,1
P-45X,2026-05-10,FACEBOOK,1,266684,17669,7.3309686742123,0.0,1
P-45X,2026-05-11,INSTAGRAM,1,567262,18682,15.0066471144907,0.0,1
P-45X,2026-05-11,TIKTOK,1,660922,12117,15.3294102939726,5.49,1
P-45X,2026-05-12,FACEBOOK,1,304623,29975,14.5897291256906,0.0,1
P-45X,2026-05-13,FACEBOOK,2,610580,15097,9.6863637019142,1.84,2
P-45X,2026-05-13,INSTAGRAM,1,586581,24353,,4.26,0
P-45X,2026-05-14,FACEBOOK,2,566919,17375,13.9645606606743,2.17,2
P-45X,2026-05-15,FACEBOOK,2,446292,21940,1.9012027401812,0.0,2
P-45X,2026-05-15,INSTAGRAM,1,595120,21420,21.0599112597881,0.0,1
P-45X,2026-05-16,INSTAGRAM,1,610135,21866,7.0959828303311,0.0,1
P-45X,2026-05-17,FACEBOOK,1,197591,23430,17.9718506709927,0.0,1
P-45X,2026-05-17,INSTAGRAM,1,356401,19565,13.5264951811629,0.0,1
P-45X,2026-05-18,TIKTOK,2,412402,17406,12.8396112393012,0.0,2
P-45X,2026-05-19,INSTAGRAM,2,378824,25114,20.065556040282,0.0,2
P-45X,2026-05-19,TIKTOK,1,367712,30349,19.0497513017716,0.0,1
P-45X,2026-05-20,FACEBOOK,1,433310,25323,6.3466561450147,0.0,1
P-45X,2026-05-21,INSTAGRAM,1,222680,26685,9.6104888391077,0.0,1
P-45X,2026-05-21,TIKTOK,2,626198,17004,18.0147927588106,2.735,2
P-45X,2026-05-22,FACEBOOK,1,219797,11981,6.4891196795776,0.0,1
P-45X,2026-05-22,TIKTOK,1,220931,20695,23.8459291559623,0.0,1
P-45X,2026-05-23,TIKTOK,2,737054,22835,14.7801972958439,0.325,2
P-46Y,2026-05-10,FACEBOOK,1,639133,13736,10.7081056368472,0.67,1
P-46Y,2026-05-10,INSTAGRAM,2,606231,16616,11.2550725602709,0.1,2
P-46Y,2026-05-11,INSTAGRAM,1,839638,10288,22.6481654526311,13.77,1
P-46Y,2026-05-11,TIKTOK,1,607516,18062,6.8691251093728,0.0,1
P-46Y,2026-05-12,INSTAGRAM,1,349870,12552,1.8297519621888,0.0,1
P-46Y,2026-05-12,TIKTOK,1,290378,21558,10.3511289459154,0.0,1
P-46Y,2026-05-13,FACEBOOK,2,355053,27647,22.0462136601477,0.0,2
P-46Y,2026-05-14,FACEBOOK,1,735772,16003,13.4899185041635,0.0,1
P-46Y,2026-05-14,INSTAGRAM,2,490252,25254,9.0640273505702,0.0,2
P-46Y,2026-05-15,FACEBOOK,1,207436,22500,11.5431591506673,0.0,1
P-46Y,2026-05-15,INSTAGRAM,1,200979,28389,1.2106116189818,0.0,1
P-46Y,2026-05-16,FACEBOOK,1,825326,26752,19.2669495901283,1.78,1
P-46Y,2026-05-16,INSTAGRAM,1,731002,17702,18.3566480168942,0.16,1
P-46Y,2026-05-17,FACEBOOK,1,537221,15024,4.7815801599034,0.0,1
P-46Y,2026-05-18,INSTAGRAM,1,349946,25143,24.5259274035773,0.0,1
P-46Y,2026-05-18,TIKTOK,1,246413,18519,2.0256718537205,0.0,1
P-46Y,2026-05-19,TIKTOK,1,436756,26179,14.4292784373104,0.0,1
P-46Y,2026-05-20,INSTAGRAM,1,157409,26922,,0.0,0
P-46Y,2026-05-21,FACEBOOK,1,676734,27911,8.8688765158404,0.0,1
P-46Y,2026-05-21,TIKTOK,2,323894,22135,5.9997981533127,1.075,1
P-46Y,2026-05-22,TIKTOK,1,308394,14723,10.3787120480457,0.0,1
P-46Y,2026-05-23,FACEBOOK,2,705253,20119,13.8502056521465,0.67,2
P-46Y,2026-05-23,INSTAGRAM,1,287905,20394,19.7227286160698,0.0,1
P-47X,2026-05-10,TIKTOK,1,477960,31842,19.8559199660099,0.0,1
P-47X,2026-05-11,INSTAGRAM,2,496277,22471,23.3795096055656,0.0,2
P-47X,2026-05-11,TIKTOK,1,709464,14602,24.1447900400047,4.33,1
P-47X,2026-05-12,INSTAGRAM,1,428807,17378,13.2457873906472,0.0,1
P-47X,2026-05-12,TIKTOK,1,240547,10789,2.602696049876,0.0,1
P-47X,2026-05-13,INSTAGRAM,1,159768,13280,7.7199412586188,0.0,1
P-47X,2026-05-13,TIKTOK,1,742092,10047,24.7872906776599,13.54,1
P-47X,2026-05-14,FACEBOOK,1,650584,14321,18.526841048906,2.23,1
P-47X,2026-05-14,INSTAGRAM,1,308844,16219,17.1632514853368,0.0,1
P-47X,2026-05-15,FACEBOOK,1,247471,11083,9.4047252863226,0.0,1
P-47X,2026-05-16,TIKTOK,1,200543,28079,,0.0,0
P-47X,2026-05-17,FACEBOOK,1,340343,10621,24.4171227826919,6.69,1
P-47X,2026-05-17,TIKTOK,1,422047,13323,16.8249467766146,0.34,1
P-47X,2026-05-18,TIKTOK,1,365829,14381,16.7644112728929,0.0,1
P-47X,2026-05-19,FACEBOOK,1,468376,17855,14.0225892594103,0.0,1
P-47X,2026-05-19,INSTAGRAM,1,399061,13729,1.9744594885965,0.0,1
P-47X,2026-05-19,TIKTOK,1,306041,24556,15.2988483243788,0.0,1
P-47X,2026-05-20,INSTAGRAM,1,484303,14965,6.992739945761,0.0,1
P-47X,2026-05-21,INSTAGRAM,2,331999,21846,6.748736416459,0.0,2
P-47X,2026-05-21,TIKTOK,1,413728,24714,15.370667446217,0.0,1
P-47X,2026-05-22,INSTAGRAM,1,382459,16066,9.3723777819241,0.0,1
P-47X,2026-05-23,FACEBOOK,1,237016,14484,6.2233929616274,0.0,1
P-47X,2026-05-23,TIKTOK,2,371565,23701,21.5498502981924,2.26,1
P-48Y,2026-05-10,FACEBOOK,1,450795,17736,20.4239908083478,0.0,1
P-48Y,2026-05-11,FACEBOOK,1,300936,21106,10.4734523885641,0.0,1
P-48Y,2026-05-11,INSTAGRAM,1,301027,22326,24.3777148508326,0.0,1
P-48Y,2026-05-11,TIKTOK,1,214356,28167,11.6117318562301,0.0,1
P-48Y,2026-05-12,INSTAGRAM,3,541305,19175,16.1192978278415,1.1766666666667,3
P-48Y,2026-05-13,INSTAGRAM,1,436027,18224,20.0746097152475,0.0,1
P-48Y,2026-05-14,INSTAGRAM,2,378622,23980,8.3747742017397,0.0,2
P-48Y,2026-05-14,TIKTOK,1,435158,18074,2.9276332017267,0.0,1
P-48Y,2026-05-15,FACEBOOK,1,391974,30516,5.1510069917936,0.0,1
P-48Y,2026-05-16,TIKTOK,3,517261,18489,4.9610106687864,3.17,2
P-48Y,2026-05-17,FACEBOOK,1,860934,31062,18.6147348453223,2.07,1
P-48Y,2026-05-17,TIKTOK,2,622267,12737,6.8054591184015,5.965,1
P-48Y,2026-05-18,INSTAGRAM,1,276538,17925,8.2640242946947,0.0,1
P-48Y,2026-05-18,TIKTOK,1,252714,28533,6.4152766186376,0.0,1
P-48Y,2026-05-19,FACEBOOK,1,462071,20885,17.5709640758059,0.0,1
P-48Y,2026-05-19,INSTAGRAM,1,581312,26507,23.4872639424798,0.0,1
P-48Y,2026-05-20,FACEBOOK,1,508395,31324,10.9651437669264,0.0,1
P-48Y,2026-05-20,INSTAGRAM,2,399460,23100,12.5126078802779,0.0,2
P-48Y,2026-05-21,INSTAGRAM,1,492022,24199,7.8194215307043,0.0,1
P-48Y,2026-05-22,INSTAGRAM,1,504517,22664,10.8165945339039,0.0,1
P-48Y,2026-05-23,FACEBOOK,1,331958,24834,24.252184166096,0.0,1
P-48Y,2026-05-23,INSTAGRAM,1,430815,15198,6.7681830604073,0.0,1
P-49X,2026-05-10,FACEBOOK,1,281653,16317,17.0730034529857,0.0,1
P-49X,2026-05-10,INSTAGRAM,1,229757,18335,10.6801939132806,0.0,1
P-49X,2026-05-10,TIKTOK,1,619567,16678,4.7720065184893,0.0,1
P-49X,2026-05-11,FACEBOOK,1,555866,12077,9.7304605885715,2.29,1
P-49X,2026-05-12,INSTAGRAM,1,302636,18765,13.0370599292228,0.0,1
P-49X,2026-05-12,TIKTOK,2,287737,22270,10.5383276968112,0.0,2
P-49X,2026-05-13,INSTAGRAM,1,708084,20700,17.4932214877191,0.0,1
P-49X,2026-05-13,TIKTOK,2,325070,15381,9.5499626315028,0.0,2
P-49X,2026-05-14,FACEBOOK,1,120830,19272,1.7234899250058,0.0,1
P-49X,2026-05-15,INSTAGRAM,1,189883,30407,6.245451653498,0.0,1
P-49X,2026-05-15,TIKTOK,1,463927,11558,6.9422238215873,1.08,1
P-49X,2026-05-16,TIKTOK,1,147536,16544,20.6665583996352,0.0,1
P-49X,2026-05-17,INSTAGRAM,1,435298,12696,12.5917644013067,0.35,1
P-49X,2026-05-18,TIKTOK,1,130406,18941,5.3156739851826,0.0,1
P-49X,2026-05-19,INSTAGRAM,1,572899,14991,9.6052261889517,0.0,1
P-49X,2026-05-20,FACEBOOK,1,626674,19999,23.0311822286661,0.19,1
P-49X,2026-05-20,INSTAGRAM,1,418024,31982,2.5724403120136,0.0,1
P-49X,2026-05-20,TIKTOK,1,671612,15140,18.7611406894999,1.07,1
P-49X,2026-05-21,TIKTOK,1,448693,26516,14.0603936634589,0.0,1
P-49X,2026-05-22,INSTAGRAM,1,766828,25744,17.5192698544832,0.4,1
P-49X,2026-05-22,TIKTOK,2,230270,15698,17.1286363339929,0.0,2
P-49X,2026-05-23,FACEBOOK,1,177643,12520,0.2340010039514,0.0,1
P-49X,2026-05-23,TIKTOK,1,479645,23697,10.5436167263158,0.0,1
P-50Y,2026-05-10,FACEBOOK,1,286206,25831,7.1120108553715,0.0,1
P-50Y,2026-05-11,FACEBOOK,1,341355,13971,6.1804721476269,0.0,1
P-50Y,2026-05-11,INSTAGRAM,2,539235,26808,17.8878300764801,0.055,2
P-50Y,2026-05-12,INSTAGRAM,1,388455,23231,,1.47,0
P-50Y,2026-05-12,TIKTOK,2,313272,20967,16.779275527158,0.0,2
P-50Y,2026-05-13,FACEBOOK,1,199830,27533,17.0831918306207,0.0,1
P-50Y,2026-05-13,INSTAGRAM,2,544616,31192,8.6591535319171,0.0,2
P-50Y,2026-05-14,INSTAGRAM,1,418592,29795,1.2484231728952,0.0,1
P-50Y,2026-05-15,FACEBOOK,1,427215,12821,4.9371300295821,0.0,1
P-50Y,2026-05-15,TIKTOK,2,583692,16332,23.7718121402766,4.255,1
P-50Y,2026-05-16,INSTAGRAM,1,277994,17858,19.6201891510221,0.0,1
P-50Y,2026-05-16,TIKTOK,1,120267,12598,16.1669869855949,0.0,1
P-50Y,2026-05-17,INSTAGRAM,1,159175,21366,0.1258489209191,0.0,1
P-50Y,2026-05-18,FACEBOOK,1,243548,22672,2.1256955440882,0.0,1
P-50Y,2026-05-18,INSTAGRAM,1,581154,18734,,4.18,0
P-50Y,2026-05-18,TIKTOK,1,310727,12249,21.5794254820617,2.31,1
P-50Y,2026-05-19,TIKTOK,2,381263,20165,18.378003891395,0.0,2
P-50Y,2026-05-20,INSTAGRAM,1,234728,15633,14.0331489003736,0.0,1
P-50Y,2026-05-20,TIKTOK,1,436977,19050,14.3729553451358,0.0,1
P-50Y,2026-05-21,INSTAGRAM,2,628175,15485,15.5721980403422,2.24,2
P-50Y,2026-05-21,TIKTOK,1,298987,25266,10.755379782398,0.0,1
P-50Y,2026-05-22,INSTAGRAM,1,132333,27889,,0.0,0
P-50Y,2026-05-22,TIKTOK,1,265140,30529,8.5667869351565,0.0,1
P-50Y,2026-05-23,FACEBOOK,1,181203,18381,16.3797779491244,0.0,1
P-50Y,2026-05-23,INSTAGRAM,1,414559,23717,7.0359511650381,0.0,1
